,date,close
0,2011-10-05,113.87
1,2011-10-06,115.42
2,2011-10-07,116.1
3,2011-10-10,116.81
4,2011-10-11,118.91
5,2011-10-12,121.6
6,2011-10-13,121.98
7,2011-10-14,121.9
8,2011-10-17,124.46
9,2011-10-18,127.99
10,2011-10-19,122.57
11,2011-10-20,122.57
12,2011-10-21,127.19
13,2011-10-24,124.85
14,2011-10-25,122.65
15,2011-10-27,122.82
16,2011-10-28,121.18
17,2011-10-31,121.18
18,2011-11-01,126.65
19,2011-11-02,123.95
20,2011-11-03,124.19
21,2011-11-04,123.56
22,2011-11-07,124.93
23,2011-11-08,124.77
24,2011-11-09,122.87
25,2011-11-10,125.24
26,2011-11-11,124.56
27,2011-11-15,124.97
28,2011-11-16,122.92
29,2011-11-17,121.59
30,2011-11-18,120.04
31,2011-11-21,115.15
32,2011-11-22,114.92
33,2011-11-23,116.78
34,2011-11-25,114.77
35,2011-11-28,118.63
36,2011-11-29,116.45
37,2011-11-30,116.56
38,2011-12-01,116.9
39,2011-12-02,116.31
40,2011-12-05,116.14
41,2011-12-06,115.16
42,2011-12-07,115.87
43,2011-12-08,115.37
44,2011-12-09,116.83
45,2011-12-12,120.26
46,2011-12-13,119.44
47,2011-12-14,120.66
48,2011-12-15,122.35
49,2011-12-16,119.22
50,2011-12-19,116.58
51,2011-12-20,120.66
52,2011-12-21,115.16
53,2011-12-22,115.56
54,2011-12-23,117.14
55,2011-12-27,116.53
56,2011-12-28,116.32
57,2011-12-29,116.57
58,2011-12-30,116.21
0,2012-01-03,117.1
1,2012-01-04,117.63
2,2012-01-05,117.76
3,2012-01-06,118.29
4,2012-01-09,119.07
5,2012-01-10,118.99
6,2012-01-11,120.2
7,2012-01-12,120.78
8,2012-01-13,121.92
9,2012-01-17,125.63
10,2012-01-18,130.78
11,2012-01-19,129.6
12,2012-01-20,129.24
13,2012-01-23,125.83
14,2012-01-24,127.38
15,2012-01-25,125.22
16,2012-01-26,122.96
17,2012-01-27,121.5
18,2012-01-30,121.99
19,2012-01-31,121.96
20,2012-02-01,121.39
21,2012-02-02,122.26
22,2012-02-03,122.14
23,2012-02-06,123.63
24,2012-02-07,123.02
25,2012-02-08,124.76
26,2012-02-09,126.48
27,2012-02-10,129.59
28,2012-02-13,127.89
29,2012-02-14,129.96
30,2012-02-15,128.88
31,2012-02-16,130.29
32,2012-02-17,129.54
33,2012-02-21,128.46
34,2012-02-22,127.7
35,2012-02-23,127.81
36,2012-02-24,128.72
37,2012-02-27,126.98
38,2012-02-28,125.65
39,2012-02-29,124.59
40,2012-03-01,127.63
41,2012-03-02,125.2
42,2012-03-05,126.23
43,2012-03-06,126.49
44,2012-03-07,126.02
45,2012-03-08,125.08
46,2012-03-09,124.78
47,2012-03-12,139.25
48,2012-03-13,122.89
49,2012-03-14,118.82
50,2012-03-15,136.51
51,2012-03-16,138.43
52,2012-03-19,128.85
53,2012-03-20,128.02
54,2012-03-21,124.6
55,2012-03-22,121.17
56,2012-03-23,122.98
57,2012-03-26,118.02
58,2012-03-27,121.13
59,2012-03-28,121.61
60,2012-03-29,121.69
61,2012-03-30,124.97
62,2012-04-02,123.13
63,2012-04-03,123.84
64,2012-04-04,121.0
65,2012-04-05,120.61
66,2012-04-09,119.05
67,2012-04-10,119.27
68,2012-04-11,118.43
69,2012-04-12,119.87
70,2012-04-13,118.19
71,2012-04-16,116.67
72,2012-04-17,121.83
73,2012-04-18,119.5
74,2012-04-19,117.6
75,2012-04-20,118.05
76,2012-04-23,117.19
77,2012-04-24,118.36
78,2012-04-25,122.53
79,2012-04-26,121.03
80,2012-04-27,120.08
81,2012-04-30,119.83
82,2012-05-01,120.18
83,2012-05-02,119.94
84,2012-05-03,116.18
85,2012-05-04,115.83
86,2012-05-07,116.68
87,2012-05-08,117.23
88,2012-05-09,115.05
89,2012-05-10,115.11
90,2012-05-11,114.7
91,2012-05-14,119.18
92,2012-05-15,120.04
93,2012-05-16,118.47
94,2012-05-17,119.54
95,2012-05-18,119.28
96,2012-05-21,119.56
97,2012-05-22,119.31
98,2012-05-23,119.52
99,2012-05-24,120.64
100,2012-05-25,120.38
101,2012-05-29,122.39
102,2012-05-30,118.54
103,2012-05-31,119.32
104,2012-06-01,116.35
105,2012-06-04,116.66
106,2012-06-05,117.07
107,2012-06-06,119.66
108,2012-06-07,120.01
109,2012-06-08,122.09
110,2012-06-11,119.28
111,2012-06-12,121.82
112,2012-06-13,120.37
113,2012-06-14,115.05
114,2012-06-15,126.08
115,2012-06-18,121.2
116,2012-06-19,123.09
117,2012-06-20,122.06
118,2012-06-21,118.4
119,2012-06-22,116.37
120,2012-06-25,116.29
121,2012-06-26,114.69
122,2012-06-27,115.85
123,2012-06-28,116.9
124,2012-06-29,119.09
125,2012-07-02,118.89
126,2012-07-03,118.33
127,2012-07-05,117.91
128,2012-07-06,118.45
129,2012-07-09,119.62
130,2012-07-10,119.34
131,2012-07-11,117.3
132,2012-07-12,116.13
133,2012-07-13,119.13
134,2012-07-16,115.09
135,2012-07-17,117.22
136,2012-07-18,116.59
137,2012-07-19,114.19
138,2012-07-20,116.52
139,2012-07-23,120.26
140,2012-07-24,119.13
141,2012-07-25,118.58
142,2012-07-26,116.92
143,2012-07-27,114.4
144,2012-07-30,114.86
145,2012-07-31,113.99
146,2012-08-01,114.59
147,2012-08-02,114.35
148,2012-08-03,120.25
149,2012-08-06,114.79
150,2012-08-07,113.55
151,2012-08-08,115.36
152,2012-08-09,119.84
153,2012-08-10,117.89
154,2012-08-13,121.65
155,2012-08-14,122.05
156,2012-08-15,119.89
157,2012-08-16,121.94
158,2012-08-17,123.79
159,2012-08-20,125.84
160,2012-08-21,129.99
161,2012-08-22,125.32
162,2012-08-23,122.41
163,2012-08-24,123.74
164,2012-08-27,121.53
165,2012-08-28,120.28
166,2012-08-29,120.55
167,2012-08-30,119.0
168,2012-08-31,120.78
169,2012-09-04,119.59
170,2012-09-05,120.49
171,2012-09-06,119.31
172,2012-09-07,120.7
173,2012-09-10,122.37
174,2012-09-11,122.82
175,2012-09-12,123.38
176,2012-09-13,115.69
177,2012-09-14,117.26
178,2012-09-17,122.69
179,2012-09-18,127.38
180,2012-09-19,122.44
181,2012-09-20,128.03
182,2012-09-21,130.6
183,2012-09-24,129.12
184,2012-09-25,125.45
185,2012-09-26,124.06
186,2012-09-27,127.56
187,2012-09-28,125.87
188,2012-10-01,128.17
189,2012-10-02,127.1
190,2012-10-03,125.4
191,2012-10-04,120.39
192,2012-10-05,123.85
193,2012-10-08,122.06
194,2012-10-09,121.21
195,2012-10-10,120.46
196,2012-10-11,120.83
197,2012-10-12,120.97
198,2012-10-15,122.45
199,2012-10-16,122.52
200,2012-10-17,124.95
201,2012-10-18,124.58
202,2012-10-19,125.39
203,2012-10-22,122.99
204,2012-10-23,120.16
205,2012-10-24,119.33
206,2012-10-25,120.89
207,2012-10-26,119.31
208,2012-10-31,115.04
209,2012-11-01,117.85
210,2012-11-02,115.78
211,2012-11-05,115.52
212,2012-11-06,116.34
213,2012-11-07,116.1
214,2012-11-08,116.69
215,2012-11-09,115.4
216,2012-11-12,114.23
217,2012-11-13,114.81
218,2012-11-14,113.23
219,2012-11-15,113.65
220,2012-11-16,115.85
221,2012-11-19,113.46
222,2012-11-20,117.25
223,2012-11-21,116.62
224,2012-11-23,117.82
225,2012-11-26,116.96
226,2012-11-27,116.65
227,2012-11-28,116.12
228,2012-11-29,117.35
229,2012-11-30,117.07
230,2012-12-03,115.98
231,2012-12-04,115.31
232,2012-12-05,114.55
233,2012-12-06,115.74
234,2012-12-07,115.23
235,2012-12-10,114.77
236,2012-12-11,115.92
237,2012-12-12,116.49
238,2012-12-13,116.24
239,2012-12-14,118.92
240,2012-12-17,118.06
241,2012-12-18,117.86
242,2012-12-19,120.76
243,2012-12-20,124.47
244,2012-12-21,127.08
245,2012-12-24,124.47
246,2012-12-26,122.18
247,2012-12-27,119.6
248,2012-12-28,118.38
249,2012-12-31,121.27
0,2013-01-02,121.77
1,2013-01-03,117.93
2,2013-01-04,115.53
3,2013-01-07,116.78
4,2013-01-08,118.15
5,2013-01-09,117.89
6,2013-01-10,118.53
7,2013-01-11,119.14
8,2013-01-14,117.19
9,2013-01-15,120.9
10,2013-01-16,120.13
11,2013-01-17,120.53
12,2013-01-18,124.79
13,2013-01-22,126.73
14,2013-01-23,126.58
15,2013-01-24,125.47
16,2013-01-25,124.71
17,2013-01-28,122.95
18,2013-01-29,123.95
19,2013-01-30,121.92
20,2013-01-31,121.64
21,2013-02-01,122.55
22,2013-02-04,122.6
23,2013-02-05,123.22
24,2013-02-06,122.45
25,2013-02-07,125.35
26,2013-02-08,125.67
27,2013-02-11,125.53
28,2013-02-12,126.12
29,2013-02-13,126.68
30,2013-02-14,127.19
31,2013-02-15,130.46
32,2013-02-19,130.15
33,2013-02-20,124.47
34,2013-02-21,122.58
35,2013-02-22,125.37
36,2013-02-25,121.5
37,2013-02-26,122.92
38,2013-02-27,124.96
39,2013-02-28,126.86
40,2013-03-01,128.19
41,2013-03-04,128.65
42,2013-03-05,126.62
43,2013-03-06,124.73
44,2013-03-07,125.28
45,2013-03-08,124.46
46,2013-03-11,125.21
47,2013-03-12,128.66
48,2013-03-13,127.13
49,2013-03-14,128.96
50,2013-03-15,129.12
51,2013-03-18,126.17
52,2013-03-19,127.08
53,2013-03-20,123.73
54,2013-03-21,121.69
55,2013-03-22,122.18
56,2013-03-25,122.03
57,2013-03-26,122.47
58,2013-03-27,121.99
59,2013-03-28,122.93
60,2013-04-01,121.21
61,2013-04-02,122.84
62,2013-04-03,120.92
63,2013-04-04,120.79
64,2013-04-05,118.34
65,2013-04-08,119.21
66,2013-04-09,118.63
67,2013-04-10,118.34
68,2013-04-11,117.24
69,2013-04-12,117.84
70,2013-04-15,119.92
71,2013-04-16,124.1
72,2013-04-17,120.7
73,2013-04-18,121.28
74,2013-04-19,122.61
75,2013-04-22,120.52
76,2013-04-23,121.56
77,2013-04-24,119.84
78,2013-04-25,119.83
79,2013-04-26,118.86
80,2013-04-29,118.85
81,2013-04-30,119.05
82,2013-05-01,118.05
83,2013-05-02,117.95
84,2013-05-03,118.18
85,2013-05-06,116.93
86,2013-05-07,119.76
87,2013-05-08,117.35
88,2013-05-09,119.08
89,2013-05-10,117.97
90,2013-05-13,119.16
91,2013-05-14,116.16
92,2013-05-15,119.41
93,2013-05-16,121.22
94,2013-05-17,127.85
95,2013-05-20,117.67
96,2013-05-21,117.08
97,2013-05-22,117.16
98,2013-05-23,116.92
99,2013-05-24,118.17
100,2013-05-28,112.47
101,2013-05-29,116.2
102,2013-05-30,117.75
103,2013-05-31,119.51
104,2013-06-03,119.16
105,2013-06-04,116.87
106,2013-06-05,116.57
107,2013-06-06,117.64
108,2013-06-07,116.2
109,2013-06-10,116.2
110,2013-06-11,116.98
111,2013-06-12,115.56
112,2013-06-13,117.28
113,2013-06-14,116.29
114,2013-06-17,116.74
115,2013-06-18,118.7
116,2013-06-19,117.84
117,2013-06-20,117.52
118,2013-06-21,117.36
119,2013-06-24,116.08
120,2013-06-25,115.23
121,2013-06-26,115.81
122,2013-06-27,116.01
123,2013-06-28,116.53
124,2013-07-01,114.85
125,2013-07-02,115.22
126,2013-07-03,113.13
127,2013-07-05,117.12
128,2013-07-08,117.13
129,2013-07-09,115.19
130,2013-07-10,117.08
131,2013-07-11,115.53
132,2013-07-12,113.27
133,2013-07-15,114.42
134,2013-07-16,115.26
135,2013-07-17,115.27
136,2013-07-18,115.58
137,2013-07-19,113.07
138,2013-07-22,112.9
139,2013-07-23,113.14
140,2013-07-24,118.72
141,2013-07-25,117.85
142,2013-07-26,118.23
143,2013-07-29,118.93
144,2013-07-30,119.39
145,2013-07-31,117.85
146,2013-08-01,115.06
147,2013-08-02,116.89
148,2013-08-05,116.53
149,2013-08-06,119.09
150,2013-08-07,118.31
151,2013-08-08,118.47
152,2013-08-09,122.3
153,2013-08-12,115.44
154,2013-08-13,115.81
155,2013-08-14,119.33
156,2013-08-15,115.82
157,2013-08-16,117.21
158,2013-08-19,118.15
159,2013-08-20,118.07
160,2013-08-21,117.17
161,2013-08-22,119.21
162,2013-08-23,120.13
163,2013-08-26,118.69
164,2013-08-27,118.07
165,2013-08-28,117.51
166,2013-08-29,117.21
167,2013-08-30,117.48
168,2013-09-03,116.72
169,2013-09-04,116.97
170,2013-09-05,117.37
171,2013-09-06,118.67
172,2013-09-09,119.0
173,2013-09-10,119.94
174,2013-09-11,120.68
175,2013-09-12,119.67
176,2013-09-13,120.12
177,2013-09-16,118.84
178,2013-09-17,121.59
179,2013-09-18,114.22
180,2013-09-19,115.69
181,2013-09-20,115.87
182,2013-09-23,119.08
183,2013-09-24,119.31
184,2013-09-25,117.45
185,2013-09-26,122.03
186,2013-09-27,124.48
187,2013-09-30,123.46
188,2013-10-01,123.74
189,2013-10-02,123.52
190,2013-10-03,122.31
191,2013-10-04,123.98
192,2013-10-07,123.23
193,2013-10-08,120.72
194,2013-10-09,122.62
195,2013-10-10,120.25
196,2013-10-11,130.97
197,2013-10-14,129.14
198,2013-10-15,131.01
199,2013-10-16,125.24
200,2013-10-17,126.68
201,2013-10-18,131.35
202,2013-10-21,130.67
203,2013-10-22,129.17
204,2013-10-23,134.47
205,2013-10-24,135.42
206,2013-10-25,135.06
207,2013-10-28,133.27
208,2013-10-29,127.58
209,2013-10-30,127.95
210,2013-10-31,132.33
211,2013-11-01,129.84
212,2013-11-04,125.57
213,2013-11-05,122.98
214,2013-11-06,118.69
215,2013-11-07,123.83
216,2013-11-08,126.37
217,2013-11-11,125.55
218,2013-11-12,129.66
219,2013-11-13,131.01
220,2013-11-14,133.03
221,2013-11-15,133.46
222,2013-11-18,137.06
223,2013-11-19,133.62
224,2013-11-20,133.25
225,2013-11-21,124.63
226,2013-11-22,133.76
227,2013-11-25,134.23
228,2013-11-26,133.64
229,2013-11-27,133.82
230,2013-11-29,130.82
231,2013-12-02,131.64
232,2013-12-03,132.38
233,2013-12-04,131.63
234,2013-12-05,128.01
235,2013-12-06,128.01
236,2013-12-09,126.09
237,2013-12-10,126.68
238,2013-12-11,126.74
239,2013-12-12,125.09
240,2013-12-13,126.22
241,2013-12-16,128.21
242,2013-12-17,128.75
243,2013-12-18,135.58
244,2013-12-19,137.86
245,2013-12-20,143.2
246,2013-12-23,138.11
247,2013-12-24,137.88
248,2013-12-26,136.65
249,2013-12-27,136.72
250,2013-12-30,134.36
251,2013-12-31,133.63
0,2014-01-02,121.77
1,2014-01-03,134.46
2,2014-01-06,131.99
3,2014-01-07,129.1
4,2014-01-08,129.46
5,2014-01-09,130.87
6,2014-01-10,126.15
7,2014-01-13,130.59
8,2014-01-14,133.43
9,2014-01-15,132.69
10,2014-01-16,136.35
11,2014-01-17,139.62
12,2014-01-21,138.77
13,2014-01-22,138.92
14,2014-01-23,135.71
15,2014-01-24,131.61
16,2014-01-27,128.73
17,2014-01-28,128.3
18,2014-01-29,126.71
19,2014-01-30,127.91
20,2014-01-31,128.37
21,2014-02-03,126.17
22,2014-02-04,127.26
23,2014-02-05,127.79
24,2014-02-06,124.68
25,2014-02-07,129.01
26,2014-02-10,126.26
27,2014-02-11,126.7
28,2014-02-12,127.84
29,2014-02-13,128.57
30,2014-02-14,129.25
31,2014-02-18,124.25
32,2014-02-19,129.12
33,2014-02-20,134.37
34,2014-02-21,138.79
35,2014-02-24,134.47
36,2014-02-25,121.92
37,2014-02-26,132.22
38,2014-02-27,137.24
39,2014-02-28,137.17
40,2014-03-03,129.12
41,2014-03-04,131.65
42,2014-03-05,126.62
43,2014-03-06,133.46
44,2014-03-07,130.49
45,2014-03-10,131.35
46,2014-03-11,130.08
47,2014-03-12,132.33
48,2014-03-13,127.66
49,2014-03-14,112.66
50,2014-03-24,132.7
51,2014-03-25,121.81
52,2014-03-27,117.96
53,2014-04-01,128.08
54,2014-04-11,122.59
55,2014-05-02,124.13
56,2014-05-05,123.56
57,2014-05-06,121.18
58,2014-05-07,123.27
59,2014-05-08,123.93
60,2014-05-09,125.6
61,2014-05-12,125.28
62,2014-05-13,124.3
63,2014-05-14,122.75
64,2014-05-15,123.6
65,2014-05-16,127.23
66,2014-05-19,128.18
67,2014-05-20,127.47
68,2014-05-21,123.89
69,2014-05-22,123.68
70,2014-05-23,125.13
71,2014-05-27,123.64
72,2014-05-28,124.18
73,2014-05-29,125.81
74,2014-05-30,124.23
75,2014-06-02,123.33
76,2014-06-03,121.79
77,2014-06-04,121.48
78,2014-06-05,122.21
79,2014-06-06,122.88
80,2014-06-09,124.67
81,2014-06-10,125.38
82,2014-06-11,126.71
83,2014-06-12,127.82
84,2014-06-13,127.78
85,2014-06-16,127.67
86,2014-06-17,130.18
87,2014-06-18,129.53
88,2014-06-19,138.61
89,2014-06-20,143.26
90,2014-06-23,139.41
91,2014-06-24,134.65
92,2014-06-25,131.82
93,2014-06-26,132.81
94,2014-06-27,135.36
95,2014-06-30,139.35
96,2014-07-01,139.36
97,2014-07-02,140.37
98,2014-07-03,142.28
99,2014-07-07,137.76
100,2014-07-08,134.2
101,2014-07-09,135.8
102,2014-07-10,134.43
103,2014-07-11,138.74
104,2014-07-14,139.94
105,2014-07-15,136.92
106,2014-07-16,134.86
107,2014-07-17,131.65
108,2014-07-18,141.19
109,2014-07-21,138.75
110,2014-07-22,136.37
111,2014-07-23,132.55
112,2014-07-24,133.8
113,2014-07-25,135.26
114,2014-07-28,135.02
115,2014-07-29,132.35
116,2014-07-30,130.54
117,2014-07-31,128.71
118,2014-08-01,128.93
119,2014-08-04,126.86
120,2014-08-05,124.62
121,2014-08-06,124.41
122,2014-08-07,124.68
123,2014-08-08,120.36
124,2014-08-11,124.24
125,2014-08-12,123.69
126,2014-08-13,126.93
127,2014-08-14,132.46
128,2014-08-15,135.43
129,2014-08-18,138.46
130,2014-08-19,138.69
131,2014-08-20,135.46
132,2014-08-21,135.75
133,2014-08-22,135.1
134,2014-08-25,135.42
135,2014-08-26,133.54
136,2014-08-27,135.41
137,2014-08-28,137.95
138,2014-08-29,127.01
139,2014-09-02,131.72
140,2014-09-03,131.55
141,2014-09-04,130.15
142,2014-09-05,137.49
143,2014-09-08,132.91
144,2014-09-09,136.88
145,2014-09-10,130.53
146,2014-09-11,132.72
147,2014-09-12,127.37
148,2014-09-15,127.09
149,2014-09-16,126.81
150,2014-09-17,138.13
151,2014-09-18,142.1
152,2014-09-19,146.08
153,2014-09-22,139.85
154,2014-09-23,132.46
155,2014-09-24,126.9
156,2014-09-25,132.24
157,2014-09-26,130.49
158,2014-09-29,131.67
159,2014-09-30,127.73
160,2014-10-01,123.17
161,2014-10-02,125.35
162,2014-10-03,122.53
163,2014-10-06,126.96
164,2014-10-07,120.85
165,2014-10-08,128.08
166,2014-10-09,123.58
167,2014-10-10,130.82
168,2014-10-13,130.36
169,2014-10-14,127.78
170,2014-10-15,111.31
171,2014-10-16,127.97
172,2014-10-17,131.71
173,2014-10-20,120.62
174,2014-10-21,129.18
175,2014-10-22,127.04
176,2014-10-23,128.77
177,2014-10-24,125.57
178,2014-10-27,123.77
179,2014-10-28,127.56
180,2014-10-29,124.18
181,2014-10-30,121.02
182,2014-10-31,124.75
183,2014-11-03,124.64
184,2014-11-04,124.19
185,2014-11-05,125.66
186,2014-11-06,124.93
187,2014-11-07,127.08
188,2014-11-10,130.51
189,2014-11-11,127.11
190,2014-11-12,125.71
191,2014-11-13,128.96
192,2014-11-14,128.68
193,2014-11-17,123.69
194,2014-11-18,132.03
195,2014-11-19,124.66
196,2014-11-20,136.35
197,2014-11-21,138.46
198,2014-11-24,140.18
199,2014-11-25,126.27
200,2014-11-26,139.86
201,2014-11-28,131.89
202,2014-12-01,127.95
203,2014-12-02,121.64
204,2014-12-03,134.44
205,2014-12-04,128.73
206,2014-12-05,131.41
207,2014-12-08,137.62
208,2014-12-09,136.69
209,2014-12-10,130.88
210,2014-12-11,130.73
211,2014-12-12,131.47
212,2014-12-15,135.12
213,2014-12-16,131.21
214,2014-12-17,125.48
215,2014-12-18,126.24
216,2014-12-19,138.63
217,2014-12-22,136.61
218,2014-12-23,136.93
219,2014-12-24,135.65
220,2014-12-26,135.03
221,2014-12-29,127.6
222,2014-12-30,136.39
223,2014-12-31,133.84
0,2015-01-02,128.66
1,2015-01-05,127.79
2,2015-01-06,125.27
3,2015-01-07,123.56
4,2015-01-08,124.77
5,2015-01-09,121.69
6,2015-01-12,121.09
7,2015-01-13,122.2
8,2015-01-14,132.66
9,2015-01-15,120.77
10,2015-01-16,131.39
11,2015-01-20,123.63
12,2015-01-21,134.3
13,2015-01-22,139.13
14,2015-01-23,132.09
15,2015-01-26,135.02
16,2015-01-27,128.43
17,2015-01-28,123.76
18,2015-01-29,130.45
19,2015-01-30,125.36
20,2015-02-02,129.98
21,2015-02-03,129.78
22,2015-02-04,126.2
23,2015-02-05,127.54
24,2015-02-06,125.62
25,2015-02-09,129.85
26,2015-02-10,126.51
27,2015-02-11,128.39
28,2015-02-12,129.95
29,2015-02-13,126.04
30,2015-02-17,127.42
31,2015-02-19,131.3
32,2015-02-20,125.24
33,2015-02-23,134.66
34,2015-02-24,136.26
35,2015-02-25,136.33
36,2015-02-26,126.2
37,2015-02-27,126.4
38,2015-03-02,126.01
39,2015-03-03,123.09
40,2015-03-04,127.89
41,2015-03-05,127.26
42,2015-03-06,124.65
43,2015-03-09,124.16
44,2015-03-10,123.53
45,2015-03-11,123.72
46,2015-03-12,121.53
47,2015-03-13,120.6
48,2015-03-16,122.83
49,2015-03-17,125.44
50,2015-03-18,128.51
51,2015-03-19,127.95
52,2015-03-20,131.09
53,2015-03-23,127.12
54,2015-03-24,126.82
55,2015-03-25,122.96
56,2015-03-26,122.86
57,2015-03-27,121.8
58,2015-03-30,122.69
59,2015-03-31,120.35
60,2015-04-01,120.76
61,2015-04-02,119.92
62,2015-04-06,120.05
63,2015-04-07,121.34
64,2015-04-08,124.24
65,2015-04-09,125.87
66,2015-04-10,127.22
67,2015-04-13,117.46
68,2015-04-14,123.64
69,2015-04-15,119.71
70,2015-04-16,120.37
71,2015-04-17,122.24
72,2015-04-20,124.16
73,2015-04-21,122.77
74,2015-04-22,124.07
75,2015-04-23,123.26
76,2015-04-24,119.95
77,2015-04-27,122.84
78,2015-04-28,124.02
79,2015-04-29,125.36
80,2015-05-01,122.37
81,2015-05-04,121.68
82,2015-05-05,122.22
83,2015-05-06,119.74
84,2015-05-07,120.73
85,2015-05-08,122.93
86,2015-05-11,115.96
87,2015-05-12,123.92
88,2015-05-13,126.04
89,2015-05-14,127.63
90,2015-05-18,126.91
91,2015-05-19,126.28
92,2015-05-20,125.01
93,2015-05-21,121.11
94,2015-05-22,124.86
95,2015-05-26,123.06
96,2015-05-27,123.6
97,2015-05-28,125.37
98,2015-05-29,122.5
99,2015-06-01,122.43
100,2015-06-02,121.17
101,2015-06-03,124.59
102,2015-06-04,121.98
103,2015-06-05,119.62
104,2015-06-08,118.33
105,2015-06-09,119.4
106,2015-06-10,120.83
107,2015-06-11,125.32
108,2015-06-12,119.26
109,2015-06-15,119.25
110,2015-06-16,120.23
111,2015-06-17,119.09
112,2015-06-18,120.17
113,2015-06-19,119.5
114,2015-06-22,120.52
115,2015-06-23,122.78
116,2015-06-24,119.52
117,2015-06-25,122.68
118,2015-06-26,123.07
119,2015-06-29,124.54
120,2015-06-30,123.88
121,2015-07-01,120.14
122,2015-07-02,121.52
123,2015-07-06,118.68
124,2015-07-07,117.37
125,2015-07-08,118.25
126,2015-07-09,120.34
127,2015-07-10,118.52
128,2015-07-13,121.57
129,2015-07-14,123.11
130,2015-07-15,123.06
131,2015-07-16,124.67
132,2015-07-17,127.91
133,2015-07-20,125.06
134,2015-07-21,124.9
135,2015-07-22,130.42
136,2015-07-23,123.18
137,2015-07-24,126.32
138,2015-07-27,126.67
139,2015-07-28,123.52
140,2015-07-29,121.03
141,2015-07-30,122.06
142,2015-07-31,124.2
143,2015-08-03,119.32
144,2015-08-04,119.79
145,2015-08-05,119.1
146,2015-08-06,126.09
147,2015-08-07,117.82
148,2015-08-10,121.54
149,2015-08-11,124.37
150,2015-08-12,119.97
151,2015-08-13,119.96
152,2015-08-14,119.37
153,2015-08-17,120.27
154,2015-08-18,124.34
155,2015-08-19,122.14
156,2015-08-20,118.76
157,2015-08-24,129.46
158,2015-08-25,126.78
159,2015-08-26,124.35
160,2015-08-27,126.31
161,2015-08-28,130.38
162,2015-08-31,129.36
163,2015-09-01,125.35
164,2015-09-02,125.35
165,2015-09-03,132.43
166,2015-09-04,142.19
167,2015-09-08,132.37
168,2015-09-09,137.03
169,2015-09-10,131.42
170,2015-09-11,118.18
171,2015-09-14,142.93
172,2015-09-15,136.0
173,2015-09-16,142.16
174,2015-09-17,137.49
175,2015-09-18,119.47
176,2015-09-21,135.45
177,2015-09-22,135.94
178,2015-09-23,136.71
179,2015-09-24,134.03
180,2015-09-25,135.16
181,2015-09-28,134.18
182,2015-09-29,136.71
183,2015-09-30,113.9
184,2015-10-01,124.81
185,2015-10-02,115.75
186,2015-10-05,132.83
187,2015-10-06,129.32
188,2015-10-07,132.39
189,2015-10-08,136.69
190,2015-10-09,134.66
191,2015-10-12,148.92
192,2015-10-13,133.81
193,2015-10-14,135.82
194,2015-10-15,151.22
195,2015-10-19,139.92
196,2015-10-20,140.7
197,2015-10-21,133.07
198,2015-10-22,121.02
199,2015-10-23,135.62
200,2015-10-26,132.29
201,2015-10-27,132.17
202,2015-10-28,134.43
203,2015-10-29,134.64
204,2015-10-30,125.77
205,2015-11-02,138.78
206,2015-11-03,137.4
207,2015-11-04,134.44
208,2015-11-05,135.21
209,2015-11-06,137.75
210,2015-11-09,134.34
211,2015-11-10,132.24
212,2015-11-11,132.44
213,2015-11-12,136.93
214,2015-11-13,139.5
215,2015-11-16,131.77
216,2015-11-17,136.97
217,2015-11-18,136.86
218,2015-11-19,139.17
219,2015-11-20,126.86
220,2015-11-23,139.51
221,2015-11-24,138.17
222,2015-11-25,139.45
223,2015-11-27,137.66
224,2015-11-30,127.25
225,2015-12-01,135.57
226,2015-12-02,132.66
227,2015-12-03,135.26
228,2015-12-04,136.31
229,2015-12-07,136.77
230,2015-12-08,131.25
231,2015-12-09,134.26
232,2015-12-10,134.94
233,2015-12-11,146.53
234,2015-12-14,140.92
235,2015-12-15,143.35
236,2015-12-16,135.5
237,2015-12-17,131.2
238,2015-12-21,125.18
239,2015-12-22,133.63
240,2015-12-23,134.69
241,2015-12-24,128.78
242,2015-12-28,136.29
243,2015-12-29,139.26
244,2015-12-30,143.0
245,2015-12-31,124.43
0,2016-01-04,140.0
1,2016-01-05,135.07
2,2016-01-07,135.94
3,2016-01-08,138.83
4,2016-01-12,138.67
5,2016-01-13,145.88
6,2016-01-15,145.03
7,2016-01-20,134.82
8,2016-01-21,132.99
9,2016-01-22,133.64
10,2016-01-25,132.27
11,2016-01-26,129.53
12,2016-01-27,129.06
13,2016-01-28,129.23
14,2016-01-29,120.86
15,2016-02-01,126.38
16,2016-02-02,119.83
17,2016-02-03,122.04
18,2016-02-04,122.69
19,2016-02-05,119.01
20,2016-02-08,120.25
21,2016-02-09,120.74
22,2016-02-10,120.36
23,2016-02-11,122.38
24,2016-02-12,117.75
25,2016-02-16,125.77
26,2016-02-17,124.99
27,2016-02-18,125.33
28,2016-02-19,123.61
29,2016-02-22,117.46
30,2016-02-23,119.67
31,2016-02-24,119.46
32,2016-02-25,122.02
33,2016-02-26,118.65
34,2016-02-29,117.68
35,2016-03-01,119.81
36,2016-03-02,122.35
37,2016-03-03,125.27
38,2016-03-04,125.27
39,2016-03-07,124.01
40,2016-03-08,123.53
41,2016-03-09,123.47
42,2016-03-10,130.04
43,2016-03-11,128.99
44,2016-03-14,133.3
45,2016-03-15,132.45
46,2016-03-16,125.42
47,2016-03-17,126.65
48,2016-03-18,126.75
49,2016-03-21,129.35
50,2016-03-22,130.99
51,2016-03-23,129.67
52,2016-03-24,119.02
53,2016-03-28,127.74
54,2016-03-29,132.61
55,2016-03-30,128.67
56,2016-03-31,122.03
57,2016-04-01,124.03
58,2016-04-04,125.23
59,2016-04-05,120.27
60,2016-04-06,125.06
61,2016-04-07,125.13
62,2016-04-08,113.84
63,2016-04-11,119.13
64,2016-04-12,126.17
65,2016-04-13,127.13
66,2016-04-14,126.23
67,2016-04-15,123.1
68,2016-04-18,120.55
69,2016-04-19,126.19
70,2016-04-20,126.2
71,2016-04-21,127.06
72,2016-04-22,123.25
73,2016-04-25,126.78
74,2016-04-26,127.4
75,2016-04-27,126.09
76,2016-04-28,125.44
77,2016-04-29,126.49
78,2016-05-02,127.67
79,2016-05-03,125.94
80,2016-05-04,124.31
81,2016-05-05,123.74
82,2016-05-06,120.82
83,2016-05-09,123.17
84,2016-05-10,124.1
85,2016-05-11,122.19
86,2016-05-12,123.52
87,2016-05-13,121.46
88,2016-05-16,124.13
89,2016-05-17,122.96
90,2016-05-18,122.22
91,2016-05-19,123.66
92,2016-05-20,125.61
93,2016-05-23,124.74
94,2016-05-24,124.74
95,2016-05-25,127.13
96,2016-05-26,129.28
97,2016-05-27,129.61
98,2016-05-31,127.7
99,2016-06-01,132.46
100,2016-06-02,134.15
101,2016-06-03,125.04
102,2016-06-06,125.57
103,2016-06-08,129.23
104,2016-06-09,129.31
105,2016-06-10,133.67
106,2016-06-13,137.49
107,2016-06-14,138.02
108,2016-06-16,142.5
109,2016-06-17,137.94
110,2016-06-20,137.81
111,2016-06-21,135.92
112,2016-06-23,145.7
113,2016-06-24,142.92
114,2016-06-27,136.43
115,2016-06-28,153.66
116,2016-06-29,136.46
117,2016-06-30,140.58
118,2016-07-01,128.53
119,2016-07-05,125.35
120,2016-07-06,123.14
121,2016-07-07,124.72
122,2016-07-08,127.2
123,2016-07-11,125.03
124,2016-07-12,126.1
125,2016-07-13,127.29
126,2016-07-14,128.28
127,2016-07-15,129.76
128,2016-07-18,125.38
129,2016-07-19,129.92
130,2016-07-20,128.49
131,2016-07-21,128.01
132,2016-07-22,128.36
133,2016-07-25,129.65
134,2016-07-26,130.02
135,2016-07-27,125.68
136,2016-07-28,128.51
137,2016-07-29,128.25
138,2016-08-01,128.01
139,2016-08-02,129.25
140,2016-08-03,129.99
141,2016-08-04,127.06
142,2016-08-05,130.6
143,2016-08-08,132.94
144,2016-08-09,135.56
145,2016-08-10,133.25
146,2016-08-11,131.28
147,2016-08-12,132.13
148,2016-08-15,134.45
149,2016-08-16,132.27
150,2016-08-17,136.71
151,2016-08-18,134.87
152,2016-08-19,136.58
153,2016-08-22,135.2
154,2016-08-23,131.79
155,2016-08-24,130.43
156,2016-08-25,131.06
157,2016-08-26,132.4
158,2016-08-29,131.3
159,2016-08-30,136.14
160,2016-08-31,129.25
161,2016-09-01,129.83
162,2016-09-02,128.4
163,2016-09-06,131.16
164,2016-09-07,130.94
165,2016-09-08,129.74
166,2016-09-09,125.25
167,2016-09-12,134.18
168,2016-09-13,131.56
169,2016-09-14,127.4
170,2016-09-15,130.57
171,2016-09-19,125.81
172,2016-09-20,126.85
173,2016-09-21,122.13
174,2016-09-22,124.29
175,2016-09-23,125.13
176,2016-09-26,121.72
177,2016-09-27,123.74
178,2016-09-28,126.85
179,2016-09-29,122.67
180,2016-09-30,124.58
181,2016-10-03,122.86
182,2016-10-04,119.67
183,2016-10-05,121.54
184,2016-10-06,120.48
185,2016-10-07,119.95
186,2016-10-10,123.84
187,2016-10-11,119.79
188,2016-10-12,122.34
189,2016-10-13,123.32
190,2016-10-14,121.86
191,2016-10-17,124.08
192,2016-10-18,122.76
193,2016-10-19,122.56
194,2016-10-20,123.91
195,2016-10-21,123.0
196,2016-10-24,124.6
197,2016-10-25,122.83
198,2016-10-26,123.31
199,2016-10-27,122.35
200,2016-10-28,126.35
201,2016-10-31,126.12
202,2016-11-01,124.46
203,2016-11-02,126.15
204,2016-11-03,141.18
205,2016-11-04,133.03
206,2016-11-07,134.91
207,2016-11-08,135.6
208,2016-11-09,134.61
209,2016-11-10,127.0
210,2016-11-11,121.71
211,2016-11-14,122.71
212,2016-11-15,119.79
213,2016-11-16,123.77
214,2016-11-17,123.06
215,2016-11-18,126.38
216,2016-11-21,124.01
217,2016-11-22,127.98
218,2016-11-23,125.33
219,2016-11-25,126.27
220,2016-11-28,125.75
221,2016-11-29,128.31
222,2016-11-30,126.39
223,2016-12-01,128.37
224,2016-12-02,128.99
225,2016-12-05,128.35
226,2016-12-06,130.92
227,2016-12-07,123.61
228,2016-12-08,119.08
229,2016-12-09,119.51
230,2016-12-12,123.28
231,2016-12-13,119.34
232,2016-12-14,125.43
233,2016-12-15,129.44
234,2016-12-19,130.47
235,2016-12-20,122.09
236,2016-12-21,124.9
237,2016-12-23,120.51
238,2016-12-27,123.65
239,2016-12-28,122.37
240,2016-12-29,124.57
241,2016-12-30,127.26
0,2017-01-05,128.21
1,2017-01-06,123.67
2,2017-01-09,122.59
3,2017-01-10,121.84
4,2017-01-11,123.06
5,2017-01-12,126.22
6,2017-01-13,132.32
7,2017-01-17,131.55
8,2017-01-18,143.43
9,2017-01-19,141.03
10,2017-01-20,146.33
11,2017-01-23,137.78
12,2017-01-24,138.16
13,2017-01-25,128.8
14,2017-01-26,129.58
15,2017-01-27,129.95
16,2017-01-30,134.32
17,2017-01-31,138.08
18,2017-02-01,133.97
19,2017-02-02,136.65
20,2017-02-03,133.25
21,2017-02-06,131.41
22,2017-02-07,130.46
23,2017-02-08,134.01
24,2017-02-09,129.19
25,2017-02-10,130.47
26,2017-02-13,130.1
27,2017-02-14,133.66
28,2017-02-15,137.55
29,2017-02-16,141.41
30,2017-02-17,141.13
31,2017-02-21,136.93
32,2017-02-22,138.24
33,2017-02-23,137.91
34,2017-02-24,138.66
35,2017-02-27,134.39
36,2017-02-28,131.98
37,2017-03-01,132.16
38,2017-03-02,133.36
39,2017-03-03,136.1
40,2017-03-06,140.17
41,2017-03-07,138.85
42,2017-03-08,139.63
43,2017-03-09,139.48
44,2017-03-10,138.99
45,2017-03-13,145.75
46,2017-03-14,146.11
47,2017-03-15,147.2
48,2017-03-16,149.49
49,2017-03-17,154.34
50,2017-03-20,152.93
51,2017-03-21,141.02
52,2017-03-22,136.07
53,2017-03-23,132.54
54,2017-03-24,136.62
55,2017-03-27,135.37
56,2017-03-28,134.43
57,2017-03-29,132.37
58,2017-03-30,138.84
59,2017-03-31,138.31
60,2017-04-03,135.23
61,2017-04-04,132.28
62,2017-04-05,130.91
63,2017-04-06,131.27
64,2017-04-07,132.7
65,2017-04-10,132.86
66,2017-04-11,136.66
67,2017-04-13,134.36
68,2017-04-17,139.63
69,2017-04-18,137.2
70,2017-04-19,140.2
71,2017-04-20,146.85
72,2017-04-21,148.42
73,2017-04-24,144.45
74,2017-04-25,139.04
75,2017-04-26,142.13
76,2017-04-27,142.55
77,2017-05-01,128.46
78,2017-05-02,127.49
79,2017-05-03,129.39
80,2017-05-04,130.48
81,2017-05-05,131.36
82,2017-05-08,128.12
83,2017-05-09,128.28
84,2017-05-10,128.27
85,2017-05-11,128.21
86,2017-05-12,129.65
87,2017-05-15,129.44
88,2017-05-16,131.24
89,2017-05-17,133.51
90,2017-05-18,137.01
91,2017-05-22,128.57
92,2017-05-24,123.11
93,2017-05-25,123.65
94,2017-05-30,125.37
95,2017-06-01,124.55
96,2017-06-05,125.05
97,2017-06-06,125.72
98,2017-06-07,125.98
99,2017-06-08,127.09
100,2017-06-12,136.86
101,2017-06-14,135.89
102,2017-06-15,134.12
103,2017-06-19,138.77
104,2017-06-20,133.37
105,2017-06-21,129.89
106,2017-06-22,130.86
107,2017-06-23,132.76
108,2017-06-27,125.46
109,2017-06-28,126.95
110,2017-06-29,129.15
111,2017-06-30,129.51
112,2017-07-03,126.63
113,2017-07-07,131.58
114,2017-07-10,133.4
115,2017-07-12,134.95
116,2017-07-13,138.35
117,2017-07-14,137.71
118,2017-07-17,139.87
119,2017-07-18,137.53
120,2017-07-21,134.53
121,2017-07-26,135.61
122,2017-07-27,140.81
123,2017-07-28,139.91
124,2017-07-31,139.82
125,2017-08-02,142.02
126,2017-08-03,138.32
127,2017-08-07,138.91
128,2017-08-08,140.05
129,2017-08-09,141.2
130,2017-08-10,136.48
131,2017-08-11,135.43
132,2017-08-17,142.73
133,2017-08-21,131.61
134,2017-08-23,129.98
135,2017-08-24,129.95
136,2017-08-29,131.48
137,2017-08-30,130.53
138,2017-09-06,136.48
139,2017-09-07,135.39
140,2017-09-08,130.57
141,2017-09-11,136.96
142,2017-09-12,139.6
143,2017-09-13,142.74
144,2017-09-18,143.65
145,2017-09-19,142.64
146,2017-09-21,137.87
147,2017-09-22,137.5
148,2017-09-25,135.07
149,2017-09-27,129.49
150,2017-09-28,132.99
151,2017-09-29,137.75
152,2017-10-02,138.02
153,2017-10-03,137.15
154,2017-10-04,144.19
155,2017-10-05,140.33
156,2017-10-09,139.83
157,2017-10-10,139.24
158,2017-10-11,138.74
159,2017-10-12,136.36
160,2017-10-13,138.28
161,2017-10-16,147.53
162,2017-10-17,150.12
163,2017-10-18,147.95
164,2017-10-19,146.16
165,2017-10-20,148.81
166,2017-10-23,142.46
167,2017-10-24,142.15
168,2017-10-25,138.0
169,2017-10-26,135.36
170,2017-10-27,135.7
171,2017-10-30,132.54
172,2017-10-31,131.81
173,2017-11-01,129.05
174,2017-11-02,128.97
175,2017-11-03,130.34
176,2017-11-06,130.52
177,2017-11-07,129.15
178,2017-11-08,131.5
179,2017-11-09,128.95
180,2017-11-13,129.75
181,2017-11-14,130.15
182,2017-11-15,135.21
183,2017-11-20,135.83
184,2017-11-21,133.56
185,2017-11-22,132.52
186,2017-11-24,130.98
187,2017-11-29,126.28
188,2017-12-04,132.14
189,2017-12-05,132.07
190,2017-12-06,130.98
191,2017-12-07,130.84
192,2017-12-08,132.54
193,2017-12-11,133.98
194,2017-12-12,133.02
195,2017-12-13,134.71
196,2017-12-14,134.03
197,2017-12-15,135.73
198,2017-12-19,130.69
199,2017-12-20,133.15
200,2017-12-21,132.63
201,2017-12-22,134.4
202,2017-12-26,135.6
203,2017-12-27,138.43
204,2017-12-28,137.82
205,2017-12-29,137.05
0,2018-01-03,133.43
1,2018-01-05,127.03
2,2018-01-08,128.0
3,2018-01-09,126.37
4,2018-01-10,129.12
5,2018-01-11,126.1
6,2018-01-12,124.95
7,2018-01-16,128.65
8,2018-01-17,136.19
9,2018-01-19,132.28
10,2018-01-22,127.18
11,2018-01-23,122.95
12,2018-01-24,120.2
13,2018-01-25,121.87
14,2018-01-26,117.99
15,2018-01-29,118.8
16,2018-01-30,122.85
17,2018-01-31,121.23
18,2018-02-01,120.59
19,2018-02-02,126.45
20,2018-02-06,129.61
21,2018-02-07,136.9
22,2018-02-08,130.92
23,2018-02-09,128.51
24,2018-02-12,148.02
25,2018-02-13,143.07
26,2018-02-14,127.84
27,2018-02-15,131.67
28,2018-02-20,131.63
29,2018-02-21,130.03
30,2018-02-22,134.31
31,2018-02-26,131.72
32,2018-02-28,138.95
33,2018-03-05,130.12
34,2018-03-06,128.41
35,2018-03-08,129.62
36,2018-03-09,127.79
37,2018-03-12,141.98
38,2018-03-13,140.43
39,2018-03-14,141.66
40,2018-03-15,146.55
41,2018-03-16,147.35
42,2018-03-20,139.52
43,2018-03-21,133.69
44,2018-03-23,130.79
45,2018-03-26,128.96
46,2018-03-27,128.65
47,2018-04-02,119.68
48,2018-04-03,118.38
49,2018-04-06,122.39
50,2018-04-09,119.9
51,2018-04-11,122.27
52,2018-04-12,122.29
53,2018-04-13,126.0
54,2018-04-16,131.47
55,2018-04-17,130.57
56,2018-04-18,146.26
57,2018-04-19,138.2
58,2018-04-23,126.48
59,2018-04-24,126.5
60,2018-04-25,124.29
61,2018-04-26,127.08
62,2018-04-27,128.4
63,2018-04-30,130.77
64,2018-05-01,128.21
65,2018-05-02,122.42
66,2018-05-03,126.79
67,2018-05-04,127.37
68,2018-05-07,123.04
69,2018-05-08,125.1
70,2018-05-09,126.05
71,2018-05-10,129.35
72,2018-05-14,133.97
73,2018-05-15,136.76
74,2018-05-16,134.45
75,2018-05-17,134.78
76,2018-05-21,134.02
77,2018-05-22,134.61
78,2018-05-23,135.61
79,2018-05-24,139.24
80,2018-05-25,140.78
81,2018-05-29,141.84
82,2018-05-30,143.89
83,2018-06-01,134.53
84,2018-06-04,132.7
85,2018-06-05,132.58
86,2018-06-06,136.57
87,2018-06-07,133.84
88,2018-06-08,133.11
89,2018-06-11,138.93
90,2018-06-12,142.82
91,2018-06-13,141.74
92,2018-06-14,142.39
93,2018-06-15,140.92
94,2018-06-18,140.92
95,2018-06-19,139.35
96,2018-06-20,140.82
97,2018-06-21,139.94
98,2018-06-22,140.54
99,2018-06-25,134.66
100,2018-06-26,134.92
101,2018-06-27,131.3
102,2018-06-28,136.34
103,2018-06-29,141.72
104,2018-07-02,140.89
105,2018-07-03,134.57
106,2018-07-05,139.86
107,2018-07-06,141.02
108,2018-07-09,138.96
109,2018-07-10,139.26
110,2018-07-11,136.85
111,2018-07-12,138.22
112,2018-07-13,142.48
113,2018-07-16,148.16
114,2018-07-17,149.58
115,2018-07-18,154.25
116,2018-07-19,150.98
117,2018-07-20,152.72
118,2018-07-23,153.78
119,2018-07-24,145.94
120,2018-07-25,145.09
121,2018-07-26,142.18
122,2018-07-27,144.57
123,2018-07-30,141.57
124,2018-07-31,144.49
125,2018-08-01,142.77
126,2018-08-02,143.83
127,2018-08-03,146.19
128,2018-08-06,142.01
129,2018-08-07,138.94
130,2018-08-08,139.84
131,2018-08-09,138.61
132,2018-08-10,149.2
133,2018-08-13,159.03
134,2018-08-14,152.41
135,2018-08-15,148.4
136,2018-08-16,148.45
137,2018-08-17,146.01
138,2018-08-20,145.55
139,2018-08-21,144.7
140,2018-08-22,143.75
141,2018-08-23,147.38
142,2018-08-24,148.2
143,2018-08-27,144.85
144,2018-08-28,140.88
145,2018-08-29,140.76
146,2018-08-30,141.82
147,2018-08-31,146.91
148,2018-09-04,142.18
149,2018-09-05,142.22
150,2018-09-06,140.56
151,2018-09-07,145.87
152,2018-09-10,144.88
153,2018-09-11,147.88
154,2018-09-12,148.75
155,2018-09-13,150.64
156,2018-09-14,151.59
157,2018-09-17,150.95
158,2018-09-18,151.37
159,2018-09-19,145.19
160,2018-09-20,144.84
161,2018-09-21,141.55
162,2018-09-24,138.84
163,2018-09-25,137.68
164,2018-09-26,140.98
165,2018-09-27,142.1
166,2018-09-28,144.43
167,2018-10-01,141.52
168,2018-10-02,137.98
169,2018-10-03,136.33
170,2018-10-04,136.73
171,2018-10-05,130.28
172,2018-10-08,129.64
173,2018-10-09,128.98
174,2018-10-10,127.65
175,2018-10-11,130.85
176,2018-10-12,125.51
177,2018-10-15,128.32
178,2018-10-16,132.15
179,2018-10-17,130.65
180,2018-10-18,125.96
181,2018-10-19,124.94
182,2018-10-22,125.68
183,2018-10-23,126.54
184,2018-10-24,128.91
185,2018-10-25,125.26
186,2018-10-26,121.7
187,2018-10-29,120.83
188,2018-10-30,118.11
189,2018-10-31,117.64
190,2018-11-01,118.28
191,2018-11-02,115.73
192,2018-11-05,118.89
193,2018-11-06,119.93
194,2018-11-07,120.56
195,2018-11-08,121.85
196,2018-11-09,120.06
197,2018-11-12,121.35
198,2018-11-13,122.06
199,2018-11-14,120.68
200,2018-11-15,120.76
201,2018-11-16,118.71
202,2018-11-19,115.79
203,2018-11-20,119.55
204,2018-11-21,119.31
205,2018-11-23,117.21
206,2018-11-26,117.57
207,2018-11-27,115.83
208,2018-11-28,115.96
209,2018-11-29,115.49
210,2018-11-30,114.71
211,2018-12-03,118.46
212,2018-12-04,117.76
213,2018-12-06,116.68
214,2018-12-07,114.3
215,2018-12-10,117.64
216,2018-12-11,116.8
217,2018-12-12,116.78
218,2018-12-13,117.03
219,2018-12-14,118.6
220,2018-12-17,123.96
221,2018-12-18,124.23
222,2018-12-19,125.38
223,2018-12-20,124.07
224,2018-12-21,122.17
225,2018-12-24,118.27
226,2018-12-26,116.47
227,2018-12-27,115.18
228,2018-12-28,117.26
229,2018-12-31,117.8
0,2019-01-02,116.06
1,2019-01-03,112.22
2,2019-01-04,111.44
3,2019-01-07,113.56
4,2019-01-08,115.3
5,2019-01-09,117.01
6,2019-01-10,117.72
7,2019-01-11,119.09
8,2019-01-14,125.2
9,2019-01-15,126.87
10,2019-01-16,131.66
11,2019-01-17,133.02
12,2019-01-18,131.19
13,2019-01-22,122.82
14,2019-01-23,123.88
15,2019-01-24,130.92
16,2019-01-25,126.11
17,2019-01-28,123.06
18,2019-01-29,121.9
19,2019-01-30,123.28
20,2019-01-31,126.53
21,2019-02-01,126.03
22,2019-02-04,128.4
23,2019-02-05,123.42
24,2019-02-06,123.72
25,2019-02-07,124.45
26,2019-02-08,127.72
27,2019-02-11,129.19
28,2019-02-12,128.6
29,2019-02-13,127.12
30,2019-02-14,126.89
31,2019-02-15,129.55
32,2019-02-19,124.68
33,2019-02-20,123.39
34,2019-02-21,122.42
35,2019-02-22,121.08
36,2019-02-25,127.67
37,2019-02-26,125.53
38,2019-02-27,126.44
39,2019-02-28,126.44
40,2019-03-01,126.97
41,2019-03-04,125.04
42,2019-03-05,126.4
43,2019-03-06,125.8
44,2019-03-07,123.14
45,2019-03-08,125.73
46,2019-03-11,132.93
47,2019-03-12,130.17
48,2019-03-13,132.57
49,2019-03-14,130.57
50,2019-03-15,128.76
51,2019-03-18,127.1
52,2019-03-19,123.13
53,2019-03-20,120.59
54,2019-03-21,120.67
55,2019-03-22,117.55
56,2019-03-25,117.6
57,2019-03-26,117.8
58,2019-03-27,117.66
59,2019-03-28,119.25
60,2019-03-29,120.96
61,2019-04-01,126.77
62,2019-04-02,127.31
63,2019-04-03,125.96
64,2019-04-04,126.23
65,2019-04-05,128.75
66,2019-04-08,129.13
67,2019-04-09,127.66
68,2019-04-10,127.61
69,2019-04-11,126.23
70,2019-04-12,124.22
71,2019-04-15,127.69
72,2019-04-16,125.81
73,2019-04-17,125.78
74,2019-04-18,123.6
75,2019-04-22,124.24
76,2019-04-23,124.65
77,2019-04-24,123.81
78,2019-04-25,124.18
79,2019-04-26,126.29
80,2019-04-29,125.79
81,2019-04-30,126.47
82,2019-05-01,125.32
83,2019-05-02,124.59
84,2019-05-03,122.22
85,2019-05-06,123.23
86,2019-05-07,116.88
87,2019-05-08,117.79
88,2019-05-09,117.68
89,2019-05-10,118.54
90,2019-05-13,119.36
91,2019-05-14,119.95
92,2019-05-15,120.87
93,2019-05-16,121.09
94,2019-05-17,118.69
95,2019-05-20,115.25
96,2019-05-21,117.17
97,2019-05-22,115.42
98,2019-05-23,114.71
99,2019-05-24,114.12
100,2019-05-28,112.58
101,2019-05-29,111.93
102,2019-05-30,112.68
103,2019-05-31,112.65
104,2019-06-03,112.32
105,2019-06-04,112.74
106,2019-06-05,112.91
107,2019-06-06,113.89
108,2019-06-07,114.67
109,2019-06-10,114.38
110,2019-06-11,113.81
111,2019-06-12,114.66
112,2019-06-13,113.33
113,2019-06-14,113.33
114,2019-06-17,115.3
115,2019-06-18,116.21
116,2019-06-19,115.93
117,2019-06-20,119.23
118,2019-06-21,118.46
119,2019-06-24,117.09
120,2019-06-25,116.83
121,2019-06-26,117.16
122,2019-06-27,117.5
123,2019-06-28,118.12
124,2019-07-01,119.86
125,2019-07-02,122.14
126,2019-07-03,120.82
127,2019-07-05,126.66
128,2019-07-08,121.42
129,2019-07-09,120.44
130,2019-07-10,120.66
131,2019-07-11,122.45
132,2019-07-12,123.65
133,2019-07-15,126.22
134,2019-07-16,125.15
135,2019-07-17,123.98
136,2019-07-18,125.42
137,2019-07-19,125.5
138,2019-07-22,125.36
139,2019-07-23,124.65
140,2019-07-24,123.08
141,2019-07-25,121.88
142,2019-07-26,123.27
143,2019-07-29,125.1
144,2019-07-30,121.94
145,2019-07-31,121.71
146,2019-08-01,117.07
147,2019-08-02,117.25
148,2019-08-05,113.3
149,2019-08-06,114.2
150,2019-08-07,113.96
151,2019-08-08,117.71
152,2019-08-09,116.34
153,2019-08-12,115.15
154,2019-08-13,117.58
155,2019-08-14,113.48
156,2019-08-15,112.52
157,2019-08-16,115.84
158,2019-08-19,116.48
159,2019-08-20,114.78
160,2019-08-21,114.48
161,2019-08-22,114.46
162,2019-08-23,112.62
163,2019-08-26,113.07
164,2019-08-27,111.76
165,2019-08-28,113.65
166,2019-08-29,115.02
167,2019-08-30,115.37
168,2019-09-03,114.68
169,2019-09-04,115.99
170,2019-09-05,118.58
171,2019-09-06,118.87
172,2019-09-09,118.79
173,2019-09-10,119.01
174,2019-09-11,119.95
175,2019-09-12,119.95
176,2019-09-13,118.4
177,2019-09-16,119.16
178,2019-09-17,117.94
179,2019-09-18,118.09
180,2019-09-19,118.77
181,2019-09-20,117.5
182,2019-09-23,118.78
183,2019-09-24,118.01
184,2019-09-25,117.98
185,2019-09-26,117.51
186,2019-09-27,116.61
187,2019-09-30,117.67
188,2019-10-01,114.01
189,2019-10-02,111.47
190,2019-10-03,112.44
191,2019-10-04,114.54
192,2019-10-07,118.76
193,2019-10-08,118.42
194,2019-10-09,119.95
195,2019-10-10,120.85
196,2019-10-11,122.4
197,2019-10-14,124.85
198,2019-10-15,127.17
199,2019-10-16,125.53
200,2019-10-17,128.01
201,2019-10-18,126.24
202,2019-10-21,128.44
203,2019-10-22,125.79
204,2019-10-23,127.92
205,2019-10-24,125.22
206,2019-10-25,125.7
207,2019-10-28,125.26
208,2019-10-29,127.29
209,2019-10-30,129.64
210,2019-10-31,130.71
211,2019-11-01,126.88
212,2019-11-04,129.74
213,2019-11-05,126.78
214,2019-11-06,125.2
215,2019-11-07,124.68
216,2019-11-08,123.3
217,2019-11-11,123.85
218,2019-11-12,123.18
219,2019-11-13,124.61
220,2019-11-14,126.28
221,2019-11-15,124.95
222,2019-11-18,126.59
223,2019-11-19,127.46
224,2019-11-20,127.46
225,2019-11-21,124.87
226,2019-11-22,125.53
227,2019-11-25,128.65
228,2019-11-26,130.28
229,2019-11-27,130.37
230,2019-11-29,129.83
231,2019-12-02,126.35
232,2019-12-03,122.78
233,2019-12-04,123.31
234,2019-12-05,123.64
235,2019-12-06,131.48
236,2019-12-09,136.56
237,2019-12-10,135.0
238,2019-12-11,134.37
239,2019-12-12,132.68
240,2019-12-13,144.51
241,2019-12-16,143.85
242,2019-12-17,137.48
243,2019-12-18,144.56
244,2019-12-19,150.14
245,2019-12-20,147.17
246,2019-12-23,143.91
247,2019-12-24,143.87
248,2019-12-26,143.07
249,2019-12-27,140.29
250,2019-12-30,133.56
251,2019-12-31,139.52
0,2020-01-02,137.7
1,2020-01-03,133.46
2,2020-01-06,132.51
3,2020-01-07,129.78
4,2020-01-08,136.42
5,2020-01-09,133.47
6,2020-01-10,128.15
7,2020-01-13,131.27
8,2020-01-14,130.82
9,2020-01-15,130.82
10,2020-01-16,133.13
11,2020-01-17,134.62
12,2020-01-21,132.7
13,2020-01-22,129.93
14,2020-01-23,131.76
15,2020-01-24,127.02
16,2020-01-27,127.21
17,2020-01-28,125.61
18,2020-01-29,125.15
19,2020-01-30,129.95
20,2020-01-31,135.73
21,2020-02-03,127.7
22,2020-02-04,128.65
23,2020-02-05,129.78
24,2020-02-06,134.48
25,2020-02-07,132.21
26,2020-02-10,133.29
27,2020-02-11,132.95
28,2020-02-12,133.2
29,2020-02-13,133.04
30,2020-02-14,132.67
31,2020-02-18,137.66
32,2020-02-19,141.81
33,2020-02-20,137.12
34,2020-02-21,135.14
35,2020-02-24,130.48
36,2020-02-25,130.79
37,2020-02-26,130.65
38,2020-02-27,130.65
39,2020-02-28,130.82
40,2020-03-02,126.84
41,2020-03-03,123.06
42,2020-03-04,127.38
43,2020-03-05,123.61
44,2020-03-06,126.08
45,2020-03-09,121.57
46,2020-03-10,121.38
47,2020-03-11,121.72
48,2020-03-12,115.79
49,2020-03-13,132.37
50,2020-03-16,114.66
51,2020-03-17,116.67
52,2020-03-18,113.54
53,2020-03-19,115.44
54,2020-03-20,118.12
55,2020-03-23,117.05
56,2020-03-24,117.75
57,2020-03-25,116.6
58,2020-03-26,118.97
59,2020-03-27,117.41
60,2020-03-30,122.18
61,2020-03-31,125.49
62,2020-04-01,115.48
63,2020-04-02,118.43
64,2020-04-03,120.57
65,2020-04-06,121.01
66,2020-04-07,118.48
67,2020-04-08,119.3
68,2020-04-09,120.85
69,2020-04-13,119.6
70,2020-04-14,122.33
71,2020-04-15,122.42
72,2020-04-16,122.33
73,2020-04-17,126.43
74,2020-04-20,125.34
75,2020-04-21,123.71
76,2020-04-22,126.19
77,2020-04-23,125.22
78,2020-04-24,126.51
79,2020-04-27,129.29
80,2020-04-28,129.23
81,2020-04-29,132.6
82,2020-04-30,130.38
83,2020-05-01,129.97
84,2020-05-04,131.29
85,2020-05-05,128.26
86,2020-05-06,128.59
87,2020-05-07,130.67
88,2020-05-08,132.21
89,2020-05-11,129.1
90,2020-05-12,125.97
91,2020-05-13,123.43
92,2020-05-14,124.35
93,2020-05-15,124.47
94,2020-05-18,129.23
95,2020-05-19,127.48
96,2020-05-20,125.95
97,2020-05-21,124.53
98,2020-05-22,125.78
99,2020-05-26,129.11
100,2020-05-27,129.96
101,2020-05-28,130.78
102,2020-05-29,131.72
103,2020-06-01,132.09
104,2020-06-02,132.61
105,2020-06-03,131.5
106,2020-06-04,130.77
107,2020-06-05,129.87
108,2020-06-08,129.11
109,2020-06-09,124.93
110,2020-06-10,127.74
111,2020-06-11,131.29
112,2020-06-12,133.54
113,2020-06-15,137.33
114,2020-06-16,133.85
115,2020-06-17,135.49
116,2020-06-18,134.9
117,2020-06-19,125.38
118,2020-06-22,135.54
119,2020-06-23,135.2
120,2020-06-24,134.05
121,2020-06-25,131.92
122,2020-06-26,137.47
123,2020-06-29,135.75
124,2020-06-30,148.27
125,2020-07-01,142.44
126,2020-07-02,146.34
127,2020-07-06,140.98
128,2020-07-07,138.34
129,2020-07-08,144.46
130,2020-07-09,138.84
131,2020-07-10,135.68
132,2020-07-13,128.52
133,2020-07-14,131.1
134,2020-07-15,146.53
135,2020-07-16,142.44
136,2020-07-17,140.81
137,2020-07-20,145.9
138,2020-07-21,134.84
139,2020-07-22,140.39
140,2020-07-23,140.74
141,2020-07-24,139.4
142,2020-07-27,139.61
143,2020-07-28,139.64
144,2020-07-29,140.86
145,2020-07-30,138.99
146,2020-07-31,141.56
147,2020-08-03,141.77
148,2020-08-04,141.64
149,2020-08-05,139.59
150,2020-08-06,141.75
151,2020-08-07,139.75
152,2020-08-10,137.5
153,2020-08-11,136.39
154,2020-08-12,137.01
155,2020-08-13,136.11
156,2020-08-14,136.82
157,2020-08-17,137.45
158,2020-08-18,138.08
159,2020-08-19,138.2
160,2020-08-20,144.05
161,2020-08-21,146.73
162,2020-08-24,147.23
163,2020-08-25,146.53
164,2020-08-26,142.09
165,2020-08-27,145.07
166,2020-08-28,145.73
167,2020-08-31,144.67
168,2020-09-01,142.28
169,2020-09-02,141.1
170,2020-09-03,144.66
171,2020-09-04,133.28
172,2020-09-08,132.51
173,2020-09-09,133.2
174,2020-09-10,130.16
175,2020-09-11,125.42
176,2020-09-14,130.95
177,2020-09-15,132.95
178,2020-09-16,136.06
179,2020-09-17,139.41
180,2020-09-18,132.09
181,2020-09-21,130.64
182,2020-09-22,130.08
183,2020-09-23,129.84
184,2020-09-24,129.17
185,2020-09-25,129.26
186,2020-09-28,126.69
187,2020-09-29,123.93
188,2020-09-30,120.94
189,2020-10-01,117.78
190,2020-10-02,119.12
191,2020-10-05,119.53
192,2020-10-06,120.05
193,2020-10-07,120.6
194,2020-10-08,121.81
195,2020-10-09,121.93
196,2020-10-12,123.94
197,2020-10-13,122.54
198,2020-10-14,122.6
199,2020-10-15,123.47
200,2020-10-16,123.7
201,2020-10-19,124.75
202,2020-10-20,125.31
203,2020-10-21,124.38
204,2020-10-22,124.94
205,2020-10-23,126.7
206,2020-10-26,126.05
207,2020-10-27,127.58
208,2020-10-28,129.3
209,2020-10-29,128.05
210,2020-10-30,129.01
211,2020-11-02,133.86
212,2020-11-03,136.44
213,2020-11-04,133.32
214,2020-11-05,127.65
215,2020-11-06,124.56
216,2020-11-09,127.41
217,2020-11-10,126.3
218,2020-11-11,129.47
219,2020-11-12,131.42
220,2020-11-13,129.33
221,2020-11-16,129.56
222,2020-11-17,128.91
223,2020-11-18,133.59
224,2020-11-19,133.55
225,2020-11-20,133.54
226,2020-11-23,134.26
227,2020-11-24,134.19
228,2020-11-25,133.9
229,2020-11-27,132.43
230,2020-11-30,133.95
231,2020-12-01,132.6
232,2020-12-02,134.61
233,2020-12-03,132.46
234,2020-12-04,133.08
235,2020-12-07,132.44
236,2020-12-08,134.9
237,2020-12-09,135.75
238,2020-12-10,135.71
239,2020-12-11,139.92
240,2020-12-14,139.29
241,2020-12-15,138.95
242,2020-12-16,144.79
243,2020-12-17,147.07
244,2020-12-18,147.02
245,2020-12-21,146.53
246,2020-12-22,146.27
247,2020-12-23,147.39
248,2020-12-24,148.27
249,2020-12-28,145.3
250,2020-12-29,142.74
251,2020-12-30,143.03
252,2020-12-31,147.83
0,2021-01-04,143.84
1,2021-01-05,145.5
2,2021-01-06,147.06
3,2021-01-07,145.92
4,2021-01-08,139.25
5,2021-01-11,134.7
6,2021-01-12,139.99
7,2021-01-13,139.93
8,2021-01-14,138.06
9,2021-01-15,136.7
10,2021-01-19,141.32
11,2021-01-20,146.66
12,2021-01-21,144.2
13,2021-01-22,145.55
14,2021-01-25,145.56
15,2021-01-26,143.31
16,2021-01-27,137.93
17,2021-01-28,145.84
18,2021-01-29,134.3
19,2021-02-01,141.63
20,2021-02-02,141.15
21,2021-02-03,136.59
22,2021-02-04,136.01
23,2021-02-05,135.09
24,2021-02-08,136.65
25,2021-02-09,140.06
26,2021-02-10,139.33
27,2021-02-11,137.6
28,2021-02-12,137.66
29,2021-02-16,140.17
30,2021-02-17,144.45
31,2021-02-18,142.55
32,2021-02-19,141.53
33,2021-02-22,138.82
34,2021-02-23,136.64
35,2021-02-24,138.52
36,2021-02-25,142.07
37,2021-02-26,136.23
38,2021-03-01,141.33
39,2021-03-02,141.68
40,2021-03-03,140.53
41,2021-03-04,137.19
42,2021-03-05,135.9
43,2021-03-08,137.01
44,2021-03-09,134.45
45,2021-03-10,138.57
46,2021-03-11,139.61
47,2021-03-12,140.29
48,2021-03-15,141.26
49,2021-03-16,142.56
50,2021-03-17,143.19
51,2021-03-18,148.11
52,2021-03-19,141.47
53,2021-03-22,146.14
54,2021-03-23,143.44
55,2021-03-24,143.7
56,2021-03-25,140.86
57,2021-03-26,145.46
58,2021-03-29,143.67
59,2021-03-30,142.2
60,2021-03-31,140.93
61,2021-04-01,136.29
62,2021-04-05,139.63
63,2021-04-06,142.44
64,2021-04-07,140.6
65,2021-04-08,139.04
66,2021-04-09,132.88
67,2021-04-12,134.29
68,2021-04-13,134.72
69,2021-04-14,137.67
70,2021-04-15,139.29
71,2021-04-16,138.33
72,2021-04-19,137.15
73,2021-04-20,134.87
74,2021-04-21,139.43
75,2021-04-22,138.09
76,2021-04-23,140.09
77,2021-04-26,139.09
78,2021-04-27,139.13
79,2021-04-28,139.37
80,2021-04-29,139.3
81,2021-04-30,146.32
82,2021-05-03,143.75
83,2021-05-04,139.23
84,2021-05-05,142.12
85,2021-05-06,144.47
86,2021-05-07,145.76
87,2021-05-10,142.72
88,2021-05-11,140.12
89,2021-05-12,142.6
90,2021-05-13,139.26
91,2021-05-14,139.05
92,2021-05-17,138.35
93,2021-05-18,139.46
94,2021-05-19,143.75
95,2021-05-20,142.96
96,2021-05-21,144.51
97,2021-05-24,144.64
98,2021-05-25,144.6
99,2021-05-26,149.82
100,2021-05-27,149.35
101,2021-05-28,155.31
102,2021-06-01,149.04
103,2021-06-02,148.59
104,2021-06-03,145.21
105,2021-06-04,147.76
106,2021-06-07,151.29
107,2021-06-08,150.7
108,2021-06-09,150.71
109,2021-06-10,154.81
110,2021-06-11,159.28
111,2021-06-14,160.64
112,2021-06-15,161.35
113,2021-06-16,155.97
114,2021-06-17,161.01
115,2021-06-18,150.78
116,2021-06-21,158.36
117,2021-06-22,160.51
118,2021-06-23,154.85
119,2021-06-24,161.04
120,2021-06-25,170.55
121,2021-06-28,162.09
122,2021-06-29,163.84
123,2021-06-30,161.85
124,2021-07-01,155.65
125,2021-07-02,157.94
126,2021-07-06,153.75
127,2021-07-07,152.15
128,2021-07-08,152.82
129,2021-07-09,155.7
130,2021-07-12,157.93
131,2021-07-13,154.4
132,2021-07-14,154.31
133,2021-07-15,154.15
134,2021-07-16,151.94
135,2021-07-19,155.74
136,2021-07-20,154.5
137,2021-07-21,155.34
138,2021-07-22,152.63
139,2021-07-23,159.44
140,2021-07-26,153.2
141,2021-07-27,151.04
142,2021-07-28,152.23
143,2021-07-29,149.96
144,2021-07-30,153.71
145,2021-08-02,153.3
146,2021-08-03,152.56
147,2021-08-04,151.4
148,2021-08-05,148.27
149,2021-08-06,148.27
150,2021-08-09,148.27
151,2021-08-10,148.27
152,2021-08-11,154.32
153,2021-08-12,157.18
154,2021-08-13,159.66
155,2021-08-16,152.54
156,2021-08-17,149.05
157,2021-08-18,148.54
158,2021-08-19,151.19
159,2021-08-20,153.51
160,2021-08-23,159.02
161,2021-08-24,157.13
162,2021-08-25,159.51
163,2021-08-26,157.25
164,2021-08-27,162.43
165,2021-08-30,157.99
166,2021-08-31,155.91
167,2021-09-01,154.75
168,2021-09-02,156.98
169,2021-09-03,162.27
170,2021-09-07,154.76
171,2021-09-08,153.39
172,2021-09-09,149.97
173,2021-09-10,151.16
174,2021-09-13,148.5
175,2021-09-14,146.73
176,2021-09-15,154.33
177,2021-09-16,152.88
178,2021-09-17,149.52
179,2021-09-20,141.57
180,2021-09-21,139.98
181,2021-09-22,144.12
182,2021-09-23,146.87
183,2021-09-24,145.67
184,2021-09-27,144.66
185,2021-09-28,140.08
186,2021-09-29,137.99
187,2021-09-30,135.55
188,2021-10-01,135.05
189,2021-10-04,130.87
190,2021-10-05,131.68
191,2021-10-06,131.51
192,2021-10-07,133.32
193,2021-10-08,134.46
194,2021-10-11,134.7
195,2021-10-12,134.1
196,2021-10-13,135.77
197,2021-10-14,143.78
198,2021-10-15,147.27
199,2021-10-18,143.77
200,2021-10-19,141.01
201,2021-10-20,141.23
202,2021-10-21,140.94
203,2021-10-22,139.34
204,2021-10-25,140.94
205,2021-10-26,141.3
206,2021-10-27,140.6
207,2021-10-28,144.73
208,2021-10-29,148.09
209,2021-11-01,145.81
210,2021-11-02,146.68
211,2021-11-03,149.77
212,2021-11-04,151.67
213,2021-11-05,148.83
214,2021-11-08,149.24
215,2021-11-09,144.09
216,2021-11-10,144.89
217,2021-11-11,144.03
218,2021-11-12,144.37
219,2021-11-15,142.38
220,2021-11-16,139.56
221,2021-11-17,141.96
222,2021-11-18,144.8
223,2021-11-19,148.44
224,2021-11-22,147.44
225,2021-11-23,146.99
226,2021-11-24,148.15
227,2021-11-26,148.27
228,2021-11-29,149.93
229,2021-11-30,150.55
230,2021-12-01,155.21
231,2021-12-02,151.38
232,2021-12-03,149.64
233,2021-12-06,151.64
234,2021-12-07,151.66
235,2021-12-08,151.2
236,2021-12-09,149.66
237,2021-12-10,147.34
238,2021-12-13,146.07
239,2021-12-14,137.76
240,2021-12-15,141.75
241,2021-12-16,140.29
242,2021-12-17,134.94
243,2021-12-20,131.71
244,2021-12-21,136.33
245,2021-12-22,142.04
246,2021-12-23,150.26
247,2021-12-27,151.87
248,2021-12-28,153.21
249,2021-12-29,156.24
250,2021-12-30,155.27
251,2021-12-31,154.38
0,2022-01-03,151.49
1,2022-01-04,150.36
2,2022-01-05,143.41
3,2022-01-06,140.77
4,2022-01-07,139.14
5,2022-01-10,139.24
6,2022-01-11,138.09
7,2022-01-12,135.73
8,2022-01-13,133.13
9,2022-01-14,133.85
10,2022-01-18,129.72
11,2022-01-19,134.73
12,2022-01-20,127.58
13,2022-01-21,136.18
14,2022-01-24,136.06
15,2022-01-25,133.9
16,2022-01-26,133.38
17,2022-01-27,132.22
18,2022-01-28,132.96
19,2022-01-31,131.44
20,2022-02-01,133.0
21,2022-02-02,132.05
22,2022-02-03,132.75
23,2022-02-04,129.29
24,2022-02-07,126.25
25,2022-02-08,127.72
26,2022-02-09,129.78
27,2022-02-10,128.11
28,2022-02-11,126.81
29,2022-02-14,128.12
30,2022-02-15,129.76
31,2022-02-16,132.75
32,2022-02-17,131.31
33,2022-02-18,128.36
34,2022-02-22,128.33
35,2022-02-23,126.88
36,2022-02-24,130.48
37,2022-02-25,132.51
38,2022-02-28,137.36
39,2022-03-01,134.42
40,2022-03-02,136.11
41,2022-03-03,133.28
42,2022-03-04,134.98
43,2022-03-07,136.69
44,2022-03-08,135.25
45,2022-03-09,134.12
46,2022-03-10,130.94
47,2022-03-11,130.7
48,2022-03-14,131.81
49,2022-03-15,130.66
50,2022-03-16,132.0
51,2022-03-17,134.93
52,2022-03-18,136.64
53,2022-03-21,135.73
54,2022-03-22,139.72
55,2022-03-23,136.71
56,2022-03-24,138.39
57,2022-03-25,140.26
58,2022-03-28,138.87
59,2022-03-29,140.0
60,2022-03-30,139.28
61,2022-03-31,140.73
62,2022-04-01,145.51
63,2022-04-04,146.48
64,2022-04-05,141.33
65,2022-04-06,144.27
66,2022-04-07,139.55
67,2022-04-08,141.51
68,2022-04-11,137.91
69,2022-04-12,137.62
70,2022-04-13,139.86
71,2022-04-14,134.39
72,2022-04-18,130.94
73,2022-04-19,130.94
74,2022-04-20,134.18
75,2022-04-21,132.72
76,2022-04-22,136.22
77,2022-04-25,133.42
78,2022-04-26,137.43
79,2022-04-27,138.09
80,2022-04-28,136.35
81,2022-04-29,136.69
82,2022-05-02,131.4
83,2022-05-03,129.0
84,2022-05-04,127.75
85,2022-05-05,128.65
86,2022-05-06,126.21
87,2022-05-09,127.05
88,2022-05-10,125.86
89,2022-05-11,124.51
90,2022-05-12,119.91
91,2022-05-13,122.09
92,2022-05-16,117.53
93,2022-05-17,117.68
94,2022-05-18,123.46
95,2022-05-19,122.66
96,2022-05-20,122.32
97,2022-05-23,120.55
98,2022-05-24,122.96
99,2022-05-25,118.85
100,2022-05-26,122.28
101,2022-05-27,121.25
102,2022-05-31,119.1
103,2022-06-01,119.3
104,2022-06-02,121.4
105,2022-06-03,122.25
106,2022-06-06,122.36
107,2022-06-07,120.66
108,2022-06-08,119.13
109,2022-06-09,120.66
110,2022-06-10,121.64
111,2022-06-13,124.14
112,2022-06-14,125.16
113,2022-06-15,118.36
114,2022-06-16,122.48
115,2022-06-17,121.15
116,2022-06-21,121.38
117,2022-06-22,119.22
118,2022-06-23,121.11
119,2022-06-24,120.43
120,2022-06-27,119.98
121,2022-06-28,120.46
122,2022-06-29,119.26
123,2022-06-30,119.94
124,2022-07-01,118.59
125,2022-07-05,118.19
126,2022-07-06,117.45
127,2022-07-07,118.76
128,2022-07-08,118.13
129,2022-07-11,119.8
130,2022-07-12,121.33
131,2022-07-13,120.41
132,2022-07-14,121.92
133,2022-07-15,122.48
134,2022-07-18,120.55
135,2022-07-19,120.04
136,2022-07-20,117.24
137,2022-07-21,118.71
138,2022-07-22,119.15
139,2022-07-25,119.46
140,2022-07-26,121.29
141,2022-07-27,121.92
142,2022-07-28,122.67
143,2022-07-29,122.29
144,2022-08-01,122.94
145,2022-08-02,121.78
146,2022-08-03,121.16
147,2022-08-04,122.81
148,2022-08-05,125.97
149,2022-08-08,123.69
150,2022-08-09,123.91
151,2022-08-10,125.04
152,2022-08-11,126.84
153,2022-08-12,129.34
154,2022-08-15,127.62
155,2022-08-16,126.09
156,2022-08-17,122.06
157,2022-08-18,124.22
158,2022-08-19,123.68
159,2022-08-22,123.93
160,2022-08-23,123.83
161,2022-08-24,122.78
162,2022-08-25,123.1
163,2022-08-26,124.57
164,2022-08-29,121.97
165,2022-08-30,121.01
166,2022-08-31,119.71
167,2022-09-01,120.74
168,2022-09-02,119.81
169,2022-09-06,119.84
170,2022-09-07,119.05
171,2022-09-08,119.08
172,2022-09-09,119.66
173,2022-09-12,121.06
174,2022-09-13,125.46
175,2022-09-14,120.19
176,2022-09-15,119.97
177,2022-09-16,117.71
178,2022-09-19,116.26
179,2022-09-20,116.69
180,2022-09-21,116.21
181,2022-09-22,115.86
182,2022-09-23,118.99
183,2022-09-26,120.01
184,2022-09-27,120.39
185,2022-09-28,120.38
186,2022-09-29,121.54
187,2022-09-30,123.59
188,2022-10-03,121.38
189,2022-10-04,122.46
190,2022-10-05,121.78
191,2022-10-06,122.44
192,2022-10-07,121.81
193,2022-10-10,120.07
194,2022-10-11,120.12
195,2022-10-12,119.99
196,2022-10-13,117.82
197,2022-10-14,119.3
198,2022-10-17,116.97
199,2022-10-18,116.88
200,2022-10-19,117.26
201,2022-10-20,117.41
202,2022-10-21,116.19
203,2022-10-24,114.97
204,2022-10-25,114.64
205,2022-10-26,113.86
206,2022-10-27,113.23
207,2022-10-28,112.06
208,2022-10-31,111.96
209,2022-11-01,111.44
210,2022-11-02,111.99
211,2022-11-03,110.34
212,2022-11-04,111.62
213,2022-11-07,111.67
214,2022-11-08,113.55
215,2022-11-09,114.36
216,2022-11-10,111.42
217,2022-11-11,114.09
218,2022-11-14,113.67
219,2022-11-15,115.94
220,2022-11-16,115.56
221,2022-11-17,115.24
222,2022-11-18,114.97
223,2022-11-21,114.52
224,2022-11-22,116.24
225,2022-11-23,118.65
226,2022-11-25,128.11
227,2022-11-28,118.47
228,2022-11-29,120.38
229,2022-11-30,118.47
230,2022-12-01,117.79
231,2022-12-02,118.11
232,2022-12-05,117.75
233,2022-12-06,117.11
234,2022-12-07,117.81
235,2022-12-08,117.54
236,2022-12-09,119.24
237,2022-12-12,121.86
238,2022-12-13,122.73
239,2022-12-14,124.23
240,2022-12-15,124.49
241,2022-12-16,120.04
242,2022-12-19,117.09
243,2022-12-20,115.57
244,2022-12-21,114.25
245,2022-12-22,114.42
246,2022-12-23,114.57
247,2022-12-27,113.44
248,2022-12-28,112.03
249,2022-12-29,113.27
250,2022-12-30,113.57
0,2023-01-03,112.74
1,2023-01-04,112.14
2,2023-01-05,112.67
3,2023-01-06,113.86
4,2023-01-09,114.42
5,2023-01-10,114.65
6,2023-01-11,115.1
7,2023-01-12,117.39
8,2023-01-13,121.7
9,2023-01-17,120.01
10,2023-01-18,119.91
11,2023-01-19,121.23
12,2023-01-20,120.19
13,2023-01-23,120.91
14,2023-01-24,121.34
15,2023-01-25,121.04
16,2023-01-26,121.49
17,2023-01-27,121.97
18,2023-01-30,120.69
19,2023-01-31,123.29
20,2023-02-01,122.19
21,2023-02-02,123.88
22,2023-02-03,123.08
23,2023-02-06,123.01
24,2023-02-07,123.36
25,2023-02-08,121.52
26,2023-02-09,120.58
27,2023-02-10,120.88
28,2023-02-13,122.48
29,2023-02-14,121.27
30,2023-02-15,121.36
31,2023-02-16,123.09
32,2023-02-17,122.89
33,2023-02-21,124.09
34,2023-02-22,122.81
35,2023-02-23,121.85
36,2023-02-24,121.22
37,2023-02-27,120.54
38,2023-02-28,120.01
