,date,near,next,RET
1,1996-01-05,15,43,-0.09721536480428483
2,1996-01-08,12,40,-0.14686087344795418
3,1996-01-09,11,39,0.5557597560156449
4,1996-01-10,10,38,-0.0674265757761916
5,1996-01-11,9,37,-0.31963108016842157
6,1996-01-12,8,36,0.07545910870650108
7,1996-01-15,5,33,0.03217064920127366
8,1996-01-16,4,32,-0.14840346451298647
9,1996-01-17,3,31,-0.03890539377019997
11,1996-01-19,29,57,-0.039330616877699454
12,1996-01-22,26,54,0.021247227875044405
13,1996-01-23,25,53,-0.010337989695561989
14,1996-01-24,24,52,-0.1663500480782355
15,1996-01-25,23,51,0.010606745159262188
16,1996-01-26,22,50,-0.16240079841690425
17,1996-01-29,19,47,-0.053143836318413684
18,1996-01-30,18,46,-0.04069628135265013
19,1996-01-31,17,45,-0.02395152893567898
20,1996-02-01,16,44,-0.02908810387659777
21,1996-02-02,15,43,0.06608051762733491
22,1996-02-05,12,40,-0.05928317189998633
23,1996-02-06,11,39,0.09569772021181633
24,1996-02-07,10,38,-0.10693911931270972
25,1996-02-08,9,37,0.06167656900125662
26,1996-02-09,8,36,0.06285167836278927
27,1996-02-12,5,33,-0.05974578921135354
28,1996-02-13,4,32,0.032628022862031036
29,1996-02-14,3,31,0.08712963380585803
31,1996-02-16,29,64,-0.12449775772888205
32,1996-02-20,25,60,-0.043287322062214084
33,1996-02-21,24,59,-0.21351283236223384
34,1996-02-22,23,58,-0.017688525093256247
35,1996-02-23,22,57,-0.06175911714452398
36,1996-02-26,19,54,0.12997069579879383
37,1996-02-27,18,53,-0.014715058719136587
38,1996-02-28,17,52,-0.038030603418796494
39,1996-02-29,16,51,0.04786371729535466
40,1996-03-01,15,50,-0.09800268056498795
41,1996-03-04,12,47,-0.1149636295684543
42,1996-03-05,11,46,-0.09451363254756784
43,1996-03-06,10,45,-0.06696999894832822
44,1996-03-07,9,44,0.04512985079659382
45,1996-03-08,8,43,0.44049061204419115
46,1996-03-11,5,40,-0.20600363929178012
47,1996-03-12,4,39,-0.14670940155092227
48,1996-03-13,3,38,0.024827770977406072
50,1996-03-15,36,64,-0.07215346263754085
51,1996-03-18,33,61,-0.006973028525035008
52,1996-03-19,32,60,0.12864000927056107
53,1996-03-20,31,59,-0.038329811735368535
54,1996-03-21,30,58,-0.10181848109624947
55,1996-03-22,29,57,-0.10276333386773662
56,1996-03-25,26,54,-0.009115477119423732
57,1996-03-26,25,53,-0.029830420666511204
58,1996-03-27,24,52,0.032314402463231584
59,1996-03-28,23,51,-0.07228260199581471
60,1996-03-29,22,50,0.03784325127191668
61,1996-04-01,19,47,-0.2083446918527223
62,1996-04-02,18,46,-0.13803008118020554
63,1996-04-03,17,45,-0.033675417232456706
64,1996-04-04,16,44,-0.029318097960786216
65,1996-04-10,10,38,0.2693994381417899
66,1996-04-08,12,40,-0.1499482670944714
67,1996-04-09,11,39,-0.19352936642068042
68,1996-04-11,9,37,0.31964952455295226
69,1996-04-12,8,36,-0.2011921095809146
70,1996-04-15,5,33,-0.20129540508610622
71,1996-04-16,4,32,-0.005374215617264144
72,1996-04-17,3,31,0.019724271755023004
74,1996-04-19,29,64,-0.16170393940523997
75,1996-04-22,26,61,-0.0972511118317484
76,1996-04-23,25,60,-0.08784840665078286
77,1996-04-24,24,59,0.003401521964261356
78,1996-04-25,23,58,-0.06546018577151758
79,1996-04-26,22,57,-0.06674049692299755
80,1996-04-29,19,54,0.00818634729952783
81,1996-04-30,18,53,0.013852634127199837
82,1996-05-01,17,52,-0.024389103203739326
83,1996-05-02,16,51,0.16290988081481683
84,1996-05-03,15,50,-0.14540985758448433
85,1996-05-06,12,47,-0.09248102766743616
86,1996-05-07,11,46,-0.018697963898473446
87,1996-05-08,10,45,-0.1566727947779588
88,1996-05-09,9,44,0.04607847271528098
89,1996-05-10,8,43,-0.14563842747305777
90,1996-05-13,5,40,-0.10489560592845759
91,1996-05-14,4,39,-0.0826089303731048
92,1996-05-15,3,38,0.011994657346783066
94,1996-05-17,36,64,-0.06693968022089625
95,1996-05-20,33,61,-0.0393736511202748
96,1996-05-21,32,60,0.009763609401733042
97,1996-05-22,31,59,-0.0681558815040122
98,1996-05-23,30,58,0.010557513283693032
99,1996-05-24,29,57,-0.0874612217894658
100,1996-05-28,25,53,0.08400123153014394
101,1996-05-29,24,52,-0.011838732049430978
102,1996-05-30,23,51,-0.19420100692673847
103,1996-05-31,22,50,0.047855811515395086
104,1996-06-03,19,47,-0.06545354443641138
105,1996-06-04,18,46,-0.0815198740428249
106,1996-06-05,17,45,-0.07510554432314498
107,1996-06-06,16,44,0.13770094314533776
108,1996-06-07,15,43,-0.09947805158584644
109,1996-06-10,12,40,0.0030641702962079798
110,1996-06-11,11,39,-0.06104554335331547
111,1996-06-12,10,38,-0.0069638180933631055
112,1996-06-13,9,37,-0.0028326074779089216
113,1996-06-14,8,36,-0.08185032082507293
114,1996-06-17,5,33,-0.0037139562737326104
115,1996-06-18,4,32,-0.04844952453945539
116,1996-06-19,3,31,-0.07035471772139612
118,1996-06-21,29,57,-0.1461800971979239
119,1996-06-24,26,54,-0.09832170615292557
120,1996-06-25,25,53,-0.07833576441367074
121,1996-06-26,24,52,-0.03599045354259156
122,1996-06-27,23,51,-0.1375594333814254
123,1996-06-28,22,50,-0.11185835838980585
124,1996-07-01,19,47,-0.13053492936347777
125,1996-07-02,18,46,0.03456657484053349
126,1996-07-03,17,45,-0.0038114584136067498
127,1996-07-05,15,43,0.15047824886019412
128,1996-07-08,12,40,-0.06819955729848703
129,1996-07-09,11,39,-0.09497926964551107
130,1996-07-10,10,38,-0.07534048833329554
131,1996-07-11,9,37,0.25856959583798256
132,1996-07-12,8,36,-0.12768506251913536
133,1996-07-15,5,33,0.3558049432039987
134,1996-07-16,4,32,-0.06490039335310283
135,1996-07-17,3,31,-0.07854360024273632
137,1996-07-19,29,64,-0.012411329936430793
138,1996-07-22,26,61,0.21332482834186073
139,1996-07-23,25,60,0.05874758727196938
140,1996-07-24,24,59,-0.07801719258792594
141,1996-07-25,23,58,-0.148270436496986
142,1996-07-26,22,57,-0.18493561215997678
143,1996-07-29,19,54,0.26786828207873037
144,1996-07-30,18,53,-0.12373659000466664
145,1996-07-31,17,52,-0.0573760002235888
146,1996-08-01,16,51,-0.08105541712717013
147,1996-08-02,15,50,-0.2465449952041182
148,1996-08-05,12,47,0.005119391505586046
149,1996-08-06,11,46,-0.08290555962930746
150,1996-08-07,10,45,-0.10515503764706713
151,1996-08-08,9,44,-0.06177345072701512
152,1996-08-09,8,43,-0.024572426184461316
153,1996-08-12,5,40,-0.15239650339308175
154,1996-08-13,4,39,0.04415309187981897
155,1996-08-14,3,38,-0.17617577257660144
157,1996-08-16,36,64,0.0583136591012654
158,1996-08-19,33,61,-0.07761219253561269
159,1996-08-20,32,60,-0.09203650432879584
160,1996-08-21,31,59,-0.10147565495358402
161,1996-08-22,30,58,-0.10786749396119755
162,1996-08-23,29,57,0.030145014997882802
163,1996-08-26,26,54,0.06531995206987196
164,1996-08-27,25,53,-0.09305439873313581
165,1996-08-28,24,52,-0.03499552026484076
166,1996-08-29,23,51,0.09460482246773005
167,1996-08-30,22,50,0.15334866697187133
168,1996-09-03,18,46,-0.03688131944090434
169,1996-09-04,17,45,-0.0017156260947202018
170,1996-09-05,16,44,0.1653230112823869
171,1996-09-06,15,43,-0.2996791003684838
172,1996-09-09,12,40,-0.16229063376089625
173,1996-09-10,11,39,-0.07594192062637195
174,1996-09-11,10,38,-0.026577628288454114
175,1996-09-12,9,37,-0.04432684116200969
176,1996-09-13,8,36,-0.16190335164130187
177,1996-09-16,5,33,-0.021981727790946204
178,1996-09-17,4,32,-0.009937607219900446
179,1996-09-18,3,31,-0.005076454241843664
181,1996-09-20,29,57,-0.07428484273692182
182,1996-09-23,26,54,0.037465052502483775
183,1996-09-24,25,53,-0.09804331254100818
184,1996-09-25,24,52,-0.06885717207889908
185,1996-09-26,23,51,0.02275517514615255
186,1996-09-27,22,50,-0.10321358671318881
187,1996-09-30,19,47,0.04152780146253243
188,1996-10-01,18,46,-0.06058180333961416
189,1996-10-02,17,45,-0.05263339310722315
190,1996-10-03,16,44,0.01188584178680574
191,1996-10-04,15,43,-0.2636786143945721
192,1996-10-07,12,40,-0.04389169080735722
193,1996-10-08,11,39,0.024570877257367174
194,1996-10-09,10,38,0.013387874043851333
195,1996-10-10,9,37,-0.0008652572121052859
196,1996-10-11,8,36,-0.19160192131475728
197,1996-10-14,5,33,-0.07163622996479413
198,1996-10-15,4,32,0.04111055024328247
199,1996-10-16,3,31,-0.05861380259091964
201,1996-10-18,29,64,-0.08052172197968832
202,1996-10-21,26,61,0.0006520233330640224
203,1996-10-22,25,60,0.03224518002920451
204,1996-10-23,24,59,-0.06686062303628282
205,1996-10-24,23,58,0.09108901794946678
206,1996-10-25,22,57,-0.07280071629666607
207,1996-10-28,19,54,0.048084948711931697
208,1996-10-29,18,53,-0.07405914600163266
209,1996-10-30,17,52,-0.02865479814684868
210,1996-10-31,16,51,-0.008943894618373638
211,1996-11-01,15,50,-0.0727016207113853
212,1996-11-04,12,47,-0.1409501715149304
213,1996-11-05,11,46,-0.011287081207246086
214,1996-11-06,10,45,-0.18971901043752115
215,1996-11-07,9,44,0.05510650740457379
216,1996-11-08,8,43,-0.1621869691219464
217,1996-11-11,5,40,-0.18498828134966228
218,1996-11-12,4,39,0.04566085821144639
219,1996-11-13,3,38,-0.10017559595391368
221,1996-11-15,36,64,0.06988885296371872
222,1996-11-18,33,61,-0.002083557484753862
223,1996-11-19,32,60,-0.052843292097702554
224,1996-11-20,31,59,0.07924185878860768
225,1996-11-21,30,58,-0.08821503822278975
226,1996-11-22,29,57,-0.12657855458552814
227,1996-11-25,26,54,0.06607977772298201
228,1996-11-26,25,53,0.0635313671873714
229,1996-11-27,24,52,-0.04238577268423782
230,1996-11-29,22,50,-0.06783656018663153
231,1996-12-02,19,47,-0.017533652231969787
232,1996-12-03,18,46,0.08144486320840638
233,1996-12-04,17,45,-0.1467430697036306
234,1996-12-05,16,44,-0.001348462903560943
235,1996-12-06,15,43,0.016236564536004305
236,1996-12-09,12,40,-0.2099748161396009
237,1996-12-10,11,39,-0.017283977865716782
238,1996-12-11,10,38,0.24272662183077465
239,1996-12-12,9,37,0.02687408718815809
240,1996-12-13,8,36,-0.0032952046898452325
241,1996-12-16,5,33,-0.02676189031459497
242,1996-12-17,4,32,-0.1384735717497798
243,1996-12-18,3,31,-0.14641668081368775
245,1996-12-20,29,64,-0.04133522141457513
246,1996-12-23,26,61,-0.04521984904887699
247,1996-12-24,25,60,-0.08777697954324748
248,1996-12-26,23,58,-0.06872604206925437
249,1996-12-27,22,57,0.03770068274354066
250,1996-12-30,19,54,-0.0462236826836282
251,1996-12-31,18,53,0.09331172967528611
252,1997-01-02,16,51,-0.06343138180272312
253,1997-01-03,15,50,-0.16688216713241877
254,1997-01-06,12,47,0.029787355983406094
255,1997-01-07,11,46,-0.06072243726429305
256,1997-01-08,10,45,0.021826316193179096
257,1997-01-09,9,44,0.04353032962476866
258,1997-01-10,8,43,-0.08996095880364541
259,1997-01-13,5,40,-0.06199034248295021
260,1997-01-14,4,39,-0.07653946511297738
261,1997-01-15,3,38,-0.04706465814883276
263,1997-01-17,36,64,-0.17941073213595016
264,1997-01-20,33,61,-0.03553389674984875
265,1997-01-21,32,60,-0.10071145453313102
266,1997-01-22,31,59,-0.11611057716909201
267,1997-01-23,30,58,0.08957165105704723
268,1997-01-24,29,57,0.08326059228584448
269,1997-01-27,26,54,0.011938809316669019
270,1997-01-28,25,53,-0.03665166769915862
271,1997-01-29,24,52,-0.03954925391126063
272,1997-01-30,23,51,-0.08649027588012603
273,1997-01-31,22,50,-0.07666649322161967
274,1997-02-03,19,47,-0.049873435090376894
275,1997-02-04,18,46,-0.06003729490193965
276,1997-02-05,17,45,0.11494552386380397
277,1997-02-07,15,43,-0.20579845496109295
278,1997-02-06,16,44,0.14234061586280622
279,1997-02-10,12,40,-0.10181627600399179
280,1997-02-11,11,39,-0.10687073494231647
281,1997-02-12,10,38,-0.09987463594290846
282,1997-02-13,9,37,-0.053735057472606096
283,1997-02-14,8,36,-0.041375458762183626
284,1997-02-18,4,32,-0.08521187981797351
285,1997-02-19,3,31,0.0814378431690077
287,1997-02-24,26,54,-0.25482155358474823
288,1997-02-21,29,57,0.16211997552695445
289,1997-02-25,25,53,-0.23805698635600103
290,1997-02-26,24,52,0.12193599419640133
291,1997-02-27,23,51,0.034195394746435515
292,1997-02-28,22,50,-0.05537909808059249
293,1997-03-03,19,47,-0.1234110916637765
295,1997-03-05,17,45,1.4812760915340437
296,1997-03-06,16,44,0.08878336791894115
297,1997-03-07,15,43,-0.13260621231501712
298,1997-03-10,12,40,-0.10005966295352142
299,1997-03-11,11,39,-0.006507483704014105
300,1997-03-12,10,38,-0.006969645949574277
301,1997-03-13,9,37,0.017140936436755405
302,1997-03-14,8,36,-0.08866531448165926
303,1997-03-17,5,33,-0.09357151222048021
304,1997-03-18,4,32,0.0030941124185652757
305,1997-03-19,3,31,-0.006622663783175442
307,1997-03-21,29,57,-0.16277094304947515
308,1997-03-24,26,54,-0.07717189703358529
309,1997-03-25,25,53,-0.07992772791915259
310,1997-03-26,24,52,-0.12018143147204563
311,1997-03-27,23,51,0.09986363218692751
312,1997-03-31,19,47,-0.04007633192395477
313,1997-04-01,18,46,-0.12447946672471677
314,1997-04-02,17,45,-0.003775646013403078
315,1997-04-03,16,44,0.0699701709767433
316,1997-04-04,15,43,-0.04415048299903712
317,1997-04-07,12,40,-0.21111933732283206
318,1997-04-08,11,39,0.05262689117934549
319,1997-04-09,10,38,-0.016974798576766648
320,1997-04-10,9,37,-0.00011616769375211167
321,1997-04-11,8,36,0.05919842924700536
322,1997-04-14,5,33,-0.18534337516089672
323,1997-04-15,4,32,-0.11485465214578883
324,1997-04-16,3,31,0.014623556052340891
326,1997-04-18,29,64,-0.10855344210148887
327,1997-04-21,26,61,0.10331303306637696
328,1997-04-22,25,60,-0.040781866482049844
329,1997-04-23,24,59,-0.03826607624546885
330,1997-04-24,23,58,0.05837475611118559
331,1997-04-25,22,57,0.011288365908765474
332,1997-04-28,19,54,-0.10791523231583033
333,1997-04-29,18,53,-0.17604266813286196
334,1997-04-30,17,52,-0.0030864796233385228
335,1997-05-01,16,51,-0.057980601230932294
336,1997-05-02,15,50,-0.213810052273125
337,1997-05-05,12,47,0.08558279933920288
338,1997-05-06,11,46,0.053489981331589886
339,1997-05-07,10,45,0.07447379495230377
340,1997-05-08,9,44,-0.029479153543435332
341,1997-05-09,8,43,-0.1476121990409024
342,1997-05-12,5,40,-0.09289231470506265
343,1997-05-13,4,39,0.027122540838742326
344,1997-05-14,3,38,-0.021561784044438204
346,1997-05-16,36,64,0.19053212241778428
347,1997-05-19,33,61,-0.11586676182606892
348,1997-05-20,32,60,-0.20796288572536792
349,1997-05-21,31,59,-0.0699764369079664
350,1997-05-22,30,58,-0.06334118858332682
351,1997-05-23,29,57,-0.09722891198244532
352,1997-05-27,25,53,-0.04403934608363835
353,1997-05-28,24,52,0.004116084164234479
354,1997-05-29,23,51,-0.03337189688536513
355,1997-05-30,22,50,-0.0360854743328648
356,1997-06-02,19,47,-0.005930503799941866
357,1997-06-03,18,46,0.05712682843349759
358,1997-06-04,17,45,-0.08108634788947389
359,1997-06-05,16,44,0.02029248465660549
360,1997-06-06,15,43,-0.1585062427148093
361,1997-06-09,12,40,-0.07273322228598
362,1997-06-10,11,39,-0.06543077673357978
363,1997-06-11,10,38,-0.025311979326498646
364,1997-06-12,9,37,-0.08972046128295796
365,1997-06-13,8,36,0.03790194426499793
366,1997-06-16,5,33,-0.06075525426062933
367,1997-06-17,4,32,0.05889949258873184
368,1997-06-18,3,31,-0.008318241713235919
370,1997-06-20,29,57,-0.03283450819255873
371,1997-06-23,26,54,0.08668209728213028
372,1997-06-24,25,53,-0.15019328957067213
373,1997-06-25,24,52,0.042682240487643686
374,1997-06-26,23,51,-0.014584257651567456
375,1997-06-27,22,50,-0.0723946808008823
376,1997-06-30,19,47,-0.006632204835424482
377,1997-07-01,18,46,-0.0645186220706091
378,1997-07-02,17,45,-0.15015133969976568
379,1997-07-03,16,44,-0.18356915070722268
380,1997-07-07,12,40,0.001194541277435679
381,1997-07-08,11,39,-0.018371301631355808
382,1997-07-09,10,38,0.09223247458458284
383,1997-07-10,9,37,-0.038415515246202236
384,1997-07-11,8,36,-0.09038542015403983
385,1997-07-14,5,33,-0.06625034727265566
386,1997-07-15,4,32,-0.04820172202776063
387,1997-07-16,3,31,0.008772589467637815
389,1997-07-18,29,64,0.029814247373639136
390,1997-07-21,26,61,0.06019393173732146
391,1997-07-22,25,60,-0.15735792462079867
392,1997-07-23,24,59,-0.09176170864974575
393,1997-07-24,23,58,-0.03730589199111334
394,1997-07-25,22,57,-0.04974783756108636
395,1997-07-28,19,54,-0.00405750364100621
396,1997-07-29,18,53,-0.06344865005189282
397,1997-07-30,17,52,-0.07397104277252398
398,1997-07-31,16,51,0.037108075515913885
399,1997-08-01,15,50,0.004988224854293621
400,1997-08-04,12,47,-0.12036719150314956
401,1997-08-05,11,46,-0.10439869472267194
402,1997-08-06,10,45,-0.11908079496649315
403,1997-08-07,9,44,-0.052999788609035536
404,1997-08-08,8,43,0.2163100257649686
405,1997-08-11,5,40,-0.09094285699700044
406,1997-08-12,4,39,0.08654374617801208
407,1997-08-13,3,38,0.0028570303636472616
409,1997-08-15,36,64,0.3599964677055756
410,1997-08-18,33,61,-0.25230829603906746
411,1997-08-19,32,60,-0.18155795145788212
412,1997-08-20,31,59,-0.14806701631305552
413,1997-08-21,30,58,0.24673322803016928
414,1997-08-22,29,57,0.019968484243629847
415,1997-08-25,26,54,-0.13350437912120605
416,1997-08-26,25,53,0.07728380052571637
417,1997-08-27,24,52,-0.1077793763540944
418,1997-08-28,23,51,0.0006959285654679626
419,1997-08-29,22,50,-0.06092813364174332
420,1997-09-02,18,46,-0.13691798234624375
421,1997-09-03,17,45,0.007382108693523293
422,1997-09-04,16,44,-0.030432819622336127
423,1997-09-05,15,43,-0.08529378908321195
424,1997-09-08,12,40,-0.060019804887751604
425,1997-09-09,11,39,-0.06360753238325412
426,1997-09-10,10,38,0.007617465554532465
427,1997-09-11,9,37,0.08370841796865136
428,1997-09-12,8,36,-0.11788238178034294
429,1997-09-15,5,33,-0.05306454234173752
430,1997-09-16,4,32,-0.15747474930500127
431,1997-09-17,3,31,-0.021656985290755326
433,1997-09-19,29,64,-0.050766335022043974
434,1997-09-22,26,61,-0.12899718032228324
435,1997-09-23,25,60,-0.03330798695189119
436,1997-09-24,24,59,0.02656801765668626
437,1997-09-25,23,58,0.004503982536908424
438,1997-09-26,22,57,-0.08953594534636233
439,1997-09-29,19,54,-0.09806228830434238
440,1997-09-30,18,53,-0.04372565057076505
441,1997-10-01,17,52,-0.03966897702195038
442,1997-10-02,16,51,-0.043921485382012904
443,1997-10-03,15,50,-0.09130302477590124
444,1997-10-06,12,47,-0.14555107457293093
445,1997-10-07,11,46,-0.16112078877887048
446,1997-10-08,10,45,0.08097988878782947
447,1997-10-09,9,44,-0.039115061130599926
448,1997-10-10,8,43,-0.09218112695183
449,1997-10-13,5,40,-0.046783935976509206
450,1997-10-14,4,39,-0.05954348262197051
451,1997-10-15,3,38,-0.004932937643202462
453,1997-10-17,36,64,0.21972920520817207
454,1997-10-20,33,61,-0.17989774492425337
455,1997-10-21,32,60,-0.08269976301736659
456,1997-10-22,31,59,0.015719158770074015
457,1997-10-23,30,58,0.19256898203820105
458,1997-10-24,29,57,0.10973244420688277
459,1997-10-27,26,54,0.8489364996495032
460,1997-10-28,25,53,-0.1391292348501838
461,1997-10-29,24,52,0.0892916096239127
462,1997-10-30,23,51,0.29639929263411524
463,1997-10-31,22,50,-0.24935424167264642
464,1997-11-03,19,47,-0.23060855228345745
465,1997-11-04,18,46,0.00965479063700192
466,1997-11-05,17,45,-0.020118342283894308
467,1997-11-06,16,44,0.04665169801818303
468,1997-11-07,15,43,0.0922653751011131
469,1997-11-10,12,40,-0.05393409212467504
470,1997-11-11,11,39,-0.06075926167072021
471,1997-11-12,10,38,0.025119432933730534
472,1997-11-13,9,37,-0.0818075908454391
473,1997-11-14,8,36,-0.20431851056914263
474,1997-11-17,5,33,-0.2132717536525125
475,1997-11-18,4,32,-0.02267746735399745
476,1997-11-19,3,31,-0.1095437185280721
478,1997-11-21,29,57,-0.12011074721786952
479,1997-11-24,26,54,0.17161412406425347
480,1997-11-25,25,53,-0.09791306665283483
481,1997-11-26,24,52,-0.07163181946769959
482,1997-11-28,22,50,-0.11030302920071067
483,1997-12-01,19,47,-0.19090122740836424
484,1997-12-02,18,46,-0.14748708344504524
485,1997-12-03,17,45,0.026533522456201775
486,1997-12-04,16,44,-0.12787939373309976
487,1997-12-05,15,43,-0.13231880802605034
488,1997-12-08,12,40,-0.05839374514356044
489,1997-12-09,11,39,-0.15799228952291644
490,1997-12-10,10,38,0.02591832686929818
491,1997-12-11,9,37,0.25200873898363474
492,1997-12-12,8,36,-0.043623356375214195
493,1997-12-15,5,33,-0.09705657217587138
494,1997-12-16,4,32,-0.1401644682209211
495,1997-12-17,3,31,0.07081985341034946
497,1997-12-19,29,64,0.046986069007495024
498,1997-12-22,26,61,-0.1040097948052604
499,1997-12-23,25,60,0.056610492398385226
500,1997-12-30,18,53,-0.4955405499863993
501,1997-12-24,24,59,0.8299638027368992
502,1997-12-26,22,57,-0.11729077389704112
503,1997-12-29,19,54,-0.26095848150260015
504,1997-12-31,17,52,-0.25427305517059784
505,1998-01-02,15,50,-0.13419671351220275
506,1998-01-05,12,47,0.1258477533148683
507,1998-01-06,11,46,8.697785207845143e-06
508,1998-01-07,10,45,-0.07917981740565971
509,1998-01-08,9,44,-0.0029133445403750624
510,1998-01-09,8,43,0.3508341309052665
511,1998-01-12,5,40,-0.2901619794137932
512,1998-01-13,4,39,-0.22651330083348087
513,1998-01-14,3,38,-0.1140249239211718
515,1998-01-16,36,64,-0.2135590923234567
516,1998-01-20,32,60,0.09974582805197185
517,1998-01-21,31,59,-0.0023806850779671818
518,1998-01-22,30,58,0.09516824611333341
519,1998-01-23,29,57,-0.030557220434473287
520,1998-01-26,26,54,0.020132990311072074
521,1998-01-27,25,53,-0.18751095475546475
522,1998-01-28,24,52,0.0078042134810332175
523,1998-01-29,23,51,-0.11992871006281203
524,1998-01-30,22,50,-0.06949079766286526
525,1998-02-02,19,47,-0.05134938534783895
526,1998-02-03,18,46,-0.12816647025779748
527,1998-02-04,17,45,-0.033035711212552
528,1998-02-05,16,44,-0.0044281043461059655
529,1998-02-06,15,43,-0.16257539686248212
530,1998-02-09,12,40,-0.029728431498911134
531,1998-02-10,11,39,-0.09944916415386196
532,1998-02-11,10,38,-0.10282077824953717
533,1998-02-12,9,37,-0.03666425938475082
534,1998-02-13,8,36,-0.07485033175436728
535,1998-02-17,4,32,-0.07431410464511978
536,1998-02-18,3,31,-0.13628773685107065
538,1998-02-20,29,57,-0.11557670548886745
539,1998-02-23,26,54,-0.12834887485846058
540,1998-02-24,25,53,0.024888037949284847
541,1998-02-25,24,52,-0.09856433925892716
542,1998-02-26,23,51,-0.051403417078937474
543,1998-02-27,22,50,-0.021019848079561476
544,1998-03-02,19,47,0.013040264320790085
545,1998-03-03,18,46,-0.1510536390213334
546,1998-03-04,17,45,0.1286130581846372
547,1998-03-05,16,44,0.08678514671988635
548,1998-03-06,15,43,-0.17281973860812294
549,1998-03-09,12,40,-0.1123503300307902
550,1998-03-10,11,39,0.0014787103925300027
551,1998-03-11,10,38,-0.059579761745628734
552,1998-03-12,9,37,-0.10875650796415848
553,1998-03-13,8,36,0.1030972623337214
554,1998-03-16,5,33,-0.12289698029138962
555,1998-03-17,4,32,-0.024429038408417036
556,1998-03-18,3,31,-0.11858659977774266
558,1998-03-20,29,57,0.006524868301108766
559,1998-03-23,26,54,-0.13611543514738444
560,1998-03-24,25,53,0.026461503006422138
561,1998-03-25,24,52,0.15541163947425574
562,1998-03-26,23,51,0.0022271016642041452
563,1998-03-27,22,50,-0.0010814495713568073
564,1998-03-30,19,47,-0.0018754965921274902
565,1998-03-31,18,46,-0.041219602121274956
566,1998-04-01,17,45,-0.007834001630209642
567,1998-04-02,16,44,-0.09931978301355526
568,1998-04-03,15,43,-0.07159138650861152
569,1998-04-06,12,40,0.01515813463433191
570,1998-04-07,11,39,-0.017623257203348897
571,1998-04-08,10,38,-0.07291907149174204
572,1998-04-09,9,37,-0.12202909023691688
573,1998-04-13,5,33,-0.04682594721657496
574,1998-04-14,4,32,-0.28656681917420257
575,1998-04-15,3,31,-0.048916446616225406
577,1998-04-17,29,64,-0.13432166152675096
578,1998-04-20,26,61,-0.07088189465824901
579,1998-04-21,25,60,-0.13933847104232466
580,1998-04-22,24,59,-0.08288711287581307
581,1998-04-23,23,58,0.08359916273733492
582,1998-04-24,22,57,0.1524563366942817
583,1998-04-27,19,54,0.18356001671196331
584,1998-04-28,18,53,-0.17369111528962522
585,1998-04-29,17,52,-0.07390231460232866
586,1998-04-30,16,51,-0.1516380223391538
587,1998-05-01,15,50,-0.1825185814929856
588,1998-05-04,12,47,-0.08541416394306156
589,1998-05-05,11,46,0.12494917179904275
590,1998-05-06,10,45,0.08783908017441022
591,1998-05-07,9,44,-0.027536433266277527
592,1998-05-08,8,43,-0.20269336590614584
593,1998-05-11,5,40,-0.07058470642625847
594,1998-05-12,4,39,-0.047240321281812325
595,1998-05-13,3,38,-0.09168938822232253
597,1998-05-15,36,64,0.09522376513129616
598,1998-05-18,33,61,0.01592768700434899
599,1998-05-19,32,60,-0.21559814068724836
600,1998-05-20,31,59,-0.05521115202821003
601,1998-05-21,30,58,-0.06981709024421079
602,1998-05-22,29,57,-0.13059437508182292
603,1998-05-26,25,53,0.2625211491542929
604,1998-05-27,24,52,0.00438043247175135
605,1998-05-28,23,51,-0.1952684918103581
606,1998-05-29,22,50,0.02801771908064854
607,1998-06-01,19,47,0.050067153502281636
608,1998-06-02,18,46,-0.07019622864090891
609,1998-06-03,17,45,0.1753102167881
610,1998-06-04,16,44,-0.18958856423817882
611,1998-06-05,15,43,-0.1308225541773831
612,1998-06-08,12,40,-0.17452902238764745
613,1998-06-09,11,39,-0.11788126452723036
614,1998-06-10,10,38,0.0755949567452725
615,1998-06-11,9,37,0.12393273295688867
616,1998-06-12,8,36,-0.02477656725866806
617,1998-06-15,5,33,0.23557324413601877
618,1998-06-16,4,32,-0.1635446626219177
619,1998-06-17,3,31,-0.1717237507729531
621,1998-06-19,29,64,-0.061880565471186255
622,1998-06-22,26,61,-0.1361439924607205
623,1998-06-23,25,60,-0.13808037708382792
624,1998-06-24,24,59,-0.05675854079109577
625,1998-06-25,23,58,-0.026422609717625
626,1998-06-26,22,57,-0.09447164655944162
627,1998-06-29,19,54,-0.0922229717900237
628,1998-06-30,18,53,-0.10354074384490586
629,1998-07-01,17,52,-0.009057573381987427
630,1998-07-02,16,51,-0.07295763761847618
631,1998-07-06,12,47,-0.08583691305157648
632,1998-07-07,11,46,0.004116112313101938
633,1998-07-08,10,45,-0.07844861843412598
634,1998-07-09,9,44,-0.020247432550947297
635,1998-07-10,8,43,-0.024737580107134893
636,1998-07-13,5,40,-0.06747678073697849
637,1998-07-14,4,39,-0.08072254728854955
638,1998-07-15,3,38,-0.009791593298628332
640,1998-07-17,36,64,0.0729222144926065
641,1998-07-20,33,61,-0.006806959813578817
642,1998-07-21,32,60,0.19280707117534424
643,1998-07-22,31,59,-0.017394544523603006
644,1998-07-23,30,58,0.15494992491633197
645,1998-07-24,29,57,-0.04504018031450496
646,1998-07-27,26,54,-0.05612109964930112
647,1998-07-28,25,53,0.050436002067119734
648,1998-07-29,24,52,-0.026489314999065594
649,1998-07-30,23,51,-0.10667528432522055
650,1998-07-31,22,50,0.08011294991448437
651,1998-08-03,19,47,-0.008856130837623821
652,1998-08-04,18,46,0.23673291070829383
653,1998-08-05,17,45,-0.08238432838286602
654,1998-08-06,16,44,-0.16274767114542643
655,1998-08-07,15,43,0.015919011760226143
656,1998-08-10,12,40,-0.029459015870664573
657,1998-08-11,11,39,0.12725832840431073
658,1998-08-12,10,38,-0.15015515493935283
659,1998-08-13,9,37,0.08074267949302416
660,1998-08-14,8,36,0.16399729544756703
661,1998-08-17,5,33,-0.1645401197308386
662,1998-08-18,4,32,-0.22646672885480557
663,1998-08-19,3,31,-0.0121470796031945
665,1998-08-21,29,57,0.13246952799679645
666,1998-08-24,26,54,-0.20911664329432178
667,1998-08-25,25,53,-0.10234898137059278
668,1998-08-26,24,52,-0.02488845264731221
669,1998-08-27,23,51,0.5621090964976874
670,1998-08-28,22,50,-0.1031787836635748
671,1998-08-31,19,47,0.1771778054481843
672,1998-09-01,18,46,-0.2980966617328048
673,1998-09-02,17,45,0.016475633337472706
674,1998-09-03,16,44,0.07211449520305235
675,1998-09-04,15,43,0.023373526143467327
676,1998-09-08,11,39,-0.3430685688504941
677,1998-09-09,10,38,0.1190351181291549
678,1998-09-10,9,37,0.2853902743679273
679,1998-09-11,8,36,-0.19737544834773013
680,1998-09-14,5,33,-0.2115635726132089
681,1998-09-15,4,32,-0.18178815091819034
682,1998-09-16,3,31,-0.08278480466938376
684,1998-09-18,29,64,-0.10018821106656117
685,1998-09-21,26,61,-0.0854857019165095
686,1998-09-22,25,60,-0.15980647348975274
687,1998-09-23,24,59,-0.22680613529901872
688,1998-09-24,23,58,0.1045032255676821
689,1998-09-25,22,57,-0.07427098296404
690,1998-09-28,19,54,-0.0760219817286939
691,1998-09-29,18,53,0.04027941866737028
692,1998-09-30,17,52,0.1648238207093382
693,1998-10-01,16,51,0.13653062081009715
694,1998-10-02,15,50,-0.17322518298084666
695,1998-10-05,12,47,0.015209686374268117
696,1998-10-06,11,46,-0.08232437845616614
697,1998-10-07,10,45,0.18226318423748977
698,1998-10-08,9,44,0.05109643296190436
699,1998-10-14,3,38,-0.44966331463112363
700,1998-10-09,8,43,0.4127152797084561
701,1998-10-12,5,40,-0.17048182210415752
702,1998-10-13,4,39,-0.050445738868525436
704,1998-10-16,36,64,0.131293422948201
705,1998-10-19,33,61,-0.3131990061707537
706,1998-10-20,32,60,0.07938421598971357
707,1998-10-21,31,59,0.026838781459513017
708,1998-10-22,30,58,-0.15990393046663076
709,1998-10-23,29,57,0.013462179584046163
710,1998-10-26,26,54,-0.12071397991080757
711,1998-10-27,25,53,-0.10741946719644202
712,1998-10-28,24,52,-0.061491834162751835
713,1998-10-29,23,51,-0.253869506689435
714,1998-10-30,22,50,-0.09014778412399294
715,1998-11-02,19,47,-0.09293810972046779
716,1998-11-03,18,46,-0.05231640480118083
717,1998-11-04,17,45,-0.050162556034824446
718,1998-11-05,16,44,-0.15953837302630225
719,1998-11-06,15,43,-0.0520283923565783
720,1998-11-09,12,40,0.05028213084475697
721,1998-11-10,11,39,-0.016327989835309586
722,1998-11-11,10,38,-0.01138867015784728
723,1998-11-12,9,37,0.09385467860897956
724,1998-11-13,8,36,-0.09561661979442104
725,1998-11-16,5,33,-0.08866841629883382
726,1998-11-17,4,32,-0.05294888902840378
727,1998-11-18,3,31,-0.14775941653752223
729,1998-11-20,29,57,-0.24831829771352143
730,1998-11-23,26,54,-0.13115820607996354
731,1998-11-24,25,53,0.1022651672481274
732,1998-11-25,24,52,-0.09927693810304339
733,1998-11-27,22,50,-0.19031794919123501
734,1998-11-30,19,47,0.2322442774360094
735,1998-12-01,18,46,-0.10077278949393076
736,1998-12-02,17,45,-0.018395430830240533
737,1998-12-03,16,44,0.1344127607954333
738,1998-12-04,15,43,-0.21207846487859516
739,1998-12-07,12,40,-0.1262154734722365
740,1998-12-08,11,39,0.006743980295725871
741,1998-12-09,10,38,-0.05319448720255826
742,1998-12-10,9,37,0.04807062145454655
743,1998-12-11,8,36,0.06694575236235178
744,1998-12-14,5,33,0.19002851525740772
745,1998-12-15,4,32,-0.2180056662601888
746,1998-12-16,3,31,-0.008672803663152262
748,1998-12-18,29,64,-0.21204855089068864
749,1998-12-21,26,61,-0.2142799969716792
750,1998-12-22,25,60,-0.10410562270390411
751,1998-12-23,24,59,-0.243087570437731
752,1998-12-24,23,58,0.0952297349897524
753,1998-12-28,19,54,0.005312538707455516
754,1998-12-29,18,53,-0.1393311240001246
755,1998-12-30,17,52,0.08817042522501084
756,1998-12-31,16,51,-0.04060548782660223
757,1999-01-04,12,47,-0.014850433742386149
758,1999-01-05,11,46,-0.12543263375463387
759,1999-01-06,10,45,-0.11634067310657914
760,1999-01-07,9,44,-0.036241880467570486
761,1999-01-08,8,43,-0.15816712714193915
762,1999-01-11,5,40,0.08634776215266049
763,1999-01-12,4,39,0.17010222481744353
764,1999-01-13,3,38,0.15587914851577622
766,1999-01-15,36,64,-0.07047725133158222
767,1999-01-19,32,60,-0.16674793277051048
768,1999-01-20,31,59,-0.2553088024812499
769,1999-01-21,30,58,0.42829103046834227
770,1999-01-22,29,57,-0.0174635876967848
771,1999-01-25,26,54,-0.1884008709849786
772,1999-01-26,25,53,-0.13559680290927922
773,1999-01-27,24,52,0.024954170167616585
774,1999-01-28,23,51,-0.23306597272939023
775,1999-01-29,22,50,-0.15983225262150846
776,1999-02-01,19,47,0.11279122343745818
777,1999-02-02,18,46,0.04828888262543085
778,1999-02-03,17,45,-0.07914967186485966
779,1999-02-04,16,44,0.03340195395287382
780,1999-02-05,15,43,-0.10912883450726774
781,1999-02-08,12,40,-0.05968062196971524
782,1999-02-09,11,39,0.09798276560906372
783,1999-02-10,10,38,-0.12691718826730636
784,1999-02-11,9,37,-0.17532658557504366
785,1999-02-12,8,36,0.029831854863389795
786,1999-02-16,4,32,-0.09006501906854159
787,1999-02-17,3,31,0.006551226088631568
789,1999-02-19,29,57,-0.15892442646499882
790,1999-02-22,26,54,-0.24817121704681322
791,1999-02-23,25,53,-0.03947997395778746
792,1999-02-24,24,52,0.04596161116410724
793,1999-02-25,23,51,-0.009134546796024212
794,1999-02-26,22,50,-0.08911855188466278
795,1999-03-01,19,47,0.014336058187510492
796,1999-03-02,18,46,0.005936809948803523
797,1999-03-03,17,45,-0.057747428992284466
798,1999-03-04,16,44,-0.16292917570049847
799,1999-03-05,15,43,-0.2081259052123473
800,1999-03-08,12,40,-0.07937377676368262
801,1999-03-09,11,39,-0.07908540429842204
802,1999-03-10,10,38,-0.06993875031488606
803,1999-03-11,9,37,-0.06782622405566885
804,1999-03-12,8,36,0.05400291772708221
805,1999-03-15,5,33,-0.1348992181192905
806,1999-03-16,4,32,-0.03815537890117937
807,1999-03-17,3,31,0.014584616159711405
809,1999-03-19,29,64,-0.052609566591468315
810,1999-03-22,26,61,-0.09386693926689815
811,1999-03-23,25,60,0.18771069598703494
812,1999-03-24,24,59,-0.07717174592722398
813,1999-03-25,23,58,-0.19161738503402848
814,1999-03-26,22,57,-0.04388904239486391
815,1999-03-29,19,54,-0.13736764211711883
816,1999-03-30,18,53,-0.1295034286027852
817,1999-03-31,17,52,0.030121412292379857
818,1999-04-01,16,51,-0.16053664540100177
819,1999-04-05,12,47,-0.17146398844929978
820,1999-04-06,11,46,-0.01424762544333924
821,1999-04-07,10,45,-0.04353049857033542
822,1999-04-08,9,44,-0.13609186188825495
823,1999-04-09,8,43,-0.061769945963890294
824,1999-04-12,5,40,-0.049460237430203224
825,1999-04-13,4,39,-0.015879149379888102
826,1999-04-14,3,38,0.16960999800029675
828,1999-04-16,36,64,-0.024297777727652514
829,1999-04-19,33,61,0.0721002317789925
830,1999-04-20,32,60,-0.02603412132836591
831,1999-04-21,31,59,-0.2081018044981462
832,1999-04-22,30,58,-0.07226465298190798
833,1999-04-23,29,57,-0.03777678885002966
834,1999-04-26,26,54,-0.09934799866347532
835,1999-04-27,25,53,-0.07106218136759213
836,1999-04-28,24,52,0.09496426159380045
837,1999-04-29,23,51,0.05878307288085227
838,1999-04-30,22,50,-0.0658752721739706
839,1999-05-03,19,47,-0.18017357842350423
840,1999-05-04,18,46,0.07178740488598478
841,1999-05-05,17,45,-0.045798239184980716
842,1999-05-06,16,44,0.08705043321818473
843,1999-05-07,15,43,-0.14805322545452804
844,1999-05-10,12,40,-0.03464905860210621
845,1999-05-11,11,39,-0.08679464924505265
846,1999-05-12,10,38,-0.03287176171406514
847,1999-05-13,9,37,-0.101746716160933
848,1999-05-14,8,36,0.14925811014893786
849,1999-05-17,5,33,-0.0867775101074919
850,1999-05-18,4,32,-0.06988094148471569
851,1999-05-19,3,31,-0.17439027374448945
853,1999-05-21,29,57,-0.0169361183935427
854,1999-05-24,26,54,0.20475021300015261
855,1999-05-25,25,53,0.031177943683833087
856,1999-05-26,24,52,-0.10897253703919496
857,1999-05-27,23,51,-0.0023314719929052874
858,1999-05-28,22,50,-0.13200598881361103
859,1999-06-01,18,46,-0.1007780384916217
860,1999-06-02,17,45,-0.12555716938512584
861,1999-06-03,16,44,-0.04263000023361896
862,1999-06-04,15,43,-0.20177179055296424
863,1999-06-07,12,40,-0.15291460484992359
864,1999-06-08,11,39,-0.010420611382312539
865,1999-06-09,10,38,-0.0554161372524542
866,1999-06-10,9,37,0.03520105106440452
867,1999-06-14,5,33,-0.03947843489148628
868,1999-06-11,8,36,0.06082596454280442
869,1999-06-15,4,32,-0.09935708820264288
870,1999-06-16,3,31,-0.32029096337206964
872,1999-06-18,29,64,-0.04464447351987666
873,1999-06-21,26,61,-0.12679735510157242
874,1999-06-22,25,60,0.024473178260370432
875,1999-06-23,24,59,-0.05222987386818845
876,1999-06-24,23,58,0.07450761394068595
877,1999-06-25,22,57,-0.11296186171349298
878,1999-06-28,19,54,-0.04737425284854746
879,1999-06-29,18,53,-0.05418672248316647
881,1999-07-01,16,51,-0.1288874423984503
882,1999-07-02,15,50,-0.13302131318210264
883,1999-07-06,11,46,0.015777666145768032
884,1999-07-07,10,45,-0.03733748787952551
885,1999-07-08,9,44,-0.13463128812604608
886,1999-07-09,8,43,-0.19994518050015242
887,1999-07-12,5,40,-0.024704374085062875
888,1999-07-13,4,39,-0.0051936215147325715
889,1999-07-14,3,38,-0.0028531765046997393
891,1999-07-16,36,64,-0.1339213680998198
892,1999-07-19,33,61,0.053075566819796416
893,1999-07-20,32,60,0.24429264521503935
894,1999-07-21,31,59,-0.052687413438556985
895,1999-07-22,30,58,0.09792568757629816
896,1999-07-23,29,57,-0.018534265917603432
897,1999-07-26,26,54,0.003783966305741737
898,1999-07-27,25,53,-0.1377292715988302
899,1999-07-28,24,52,-0.07598971093730778
900,1999-07-29,23,51,0.06849880468880509
901,1999-07-30,22,50,-0.02191958972633634
902,1999-08-02,19,47,-0.09669904975570043
903,1999-08-03,18,46,-0.009539259539714684
904,1999-08-04,17,45,0.10516426421592295
905,1999-08-05,16,44,-0.08934296633147343
906,1999-08-06,15,43,-0.062174228010337784
907,1999-08-09,12,40,-0.0366412199547389
908,1999-08-10,11,39,-0.006644597310765388
909,1999-08-11,10,38,-0.16924973388738995
910,1999-08-12,9,37,-0.0661901827528959
911,1999-08-13,8,36,-0.236951390142924
912,1999-08-16,5,33,-0.03142870217701488
913,1999-08-17,4,32,-0.2134913206156509
914,1999-08-18,3,31,0.09818863441288528
916,1999-08-20,29,57,-0.06307471402449194
917,1999-08-23,26,54,-0.19350074396883432
918,1999-08-24,25,53,0.014158759619921746
919,1999-08-25,24,52,-0.1305045660121249
920,1999-08-26,23,51,0.09739653029451234
921,1999-08-27,22,50,0.02101887959326576
922,1999-08-30,19,47,-0.061130799695153226
923,1999-08-31,18,46,-0.02841130286466864
924,1999-09-01,17,45,-0.15801407717452243
925,1999-09-02,16,44,0.1045828212717208
926,1999-09-03,15,43,-0.2886429899365295
927,1999-09-07,11,39,0.03289035161691256
928,1999-09-08,10,38,0.009166942433469716
929,1999-09-09,9,37,-0.07586140665281904
930,1999-09-10,8,36,-0.16797907870947515
931,1999-09-13,5,33,-0.055757064924352506
932,1999-09-14,4,32,0.03412176699297209
933,1999-09-15,3,31,-0.08728123896943762
935,1999-09-17,29,64,-0.20559053970566443
936,1999-09-20,26,61,-0.05043822915768903
937,1999-09-21,25,60,0.07380041380100733
938,1999-09-22,24,59,-0.09892931694959173
939,1999-09-23,23,58,0.22116460763149282
940,1999-09-24,22,57,-0.04656637396540786
941,1999-09-27,19,54,-0.16696882396978474
942,1999-09-28,18,53,-0.06609668994604878
943,1999-09-29,17,52,-0.07810357928153988
944,1999-09-30,16,51,-0.1344171811199838
945,1999-10-01,15,50,-0.040474299905902233
946,1999-10-04,12,47,-0.17738179762408346
947,1999-10-05,11,46,-0.12093523636203485
948,1999-10-06,10,45,-0.18486100828562302
949,1999-10-07,9,44,0.055173551388000064
950,1999-10-08,8,43,-0.27094197546433973
951,1999-10-11,5,40,-0.07729146665540632
952,1999-10-12,4,39,0.24209026675420908
953,1999-10-13,3,38,0.20690414616943187
955,1999-10-15,36,64,0.07805544575740697
956,1999-10-18,33,61,-0.15692554285221516
957,1999-10-19,32,60,-0.18944224460124282
958,1999-10-20,31,59,-0.2022211125799407
959,1999-10-21,30,58,-0.18748337105862345
960,1999-10-22,29,57,-0.21331609110419525
961,1999-10-25,26,54,0.08862200903536488
962,1999-10-26,25,53,0.06262123641104411
963,1999-10-27,24,52,-0.025629322697715007
964,1999-10-28,23,51,-0.2844169049155778
965,1999-10-29,22,50,-0.06561564305963585
966,1999-11-01,19,47,-0.007590444092203108
967,1999-11-02,18,46,0.0633342552069911
968,1999-11-03,17,45,-0.04172025735903251
969,1999-11-04,16,44,-0.05745617929771152
970,1999-11-05,15,43,-0.1643731971488761
971,1999-11-08,12,40,-0.07034925798911973
972,1999-11-09,11,39,0.0602899478617287
973,1999-11-10,10,38,-0.06925852599644067
974,1999-11-11,9,37,-0.05500683299071896
975,1999-11-12,8,36,-0.08757139017012716
976,1999-11-15,5,33,-0.02186043809726579
977,1999-11-16,4,32,-0.18810133438133614
978,1999-11-17,3,31,-0.009735538342549366
980,1999-11-19,29,64,-0.1953768122358771
981,1999-11-22,26,61,-0.015367424503464289
982,1999-11-23,25,60,0.07956481133529891
983,1999-11-24,24,59,-0.10518279440873246
984,1999-11-26,22,57,0.1644168479912167
985,1999-11-29,19,54,-0.043045185004592645
986,1999-11-30,18,53,-0.023458768354685966
987,1999-12-01,17,52,-0.1466527734408165
988,1999-12-02,16,51,-0.06649107193617365
989,1999-12-03,15,50,-0.22426385831284545
990,1999-12-06,12,47,-0.07135013511870436
991,1999-12-07,11,46,0.025733886686409635
992,1999-12-08,10,45,-0.0014148858964183608
993,1999-12-09,9,44,-0.0558335973331201
994,1999-12-10,8,43,-0.08095132130749727
995,1999-12-13,5,40,-0.04035344568994703
996,1999-12-14,4,39,0.060451977585013195
997,1999-12-15,3,38,-0.10896297849817871
999,1999-12-17,36,64,-0.1365111640601534
1000,1999-12-20,33,61,0.18750805804389703
1001,1999-12-21,32,60,-0.21305679880091943
1002,1999-12-22,31,59,-0.06093236370833466
1003,1999-12-23,30,58,-0.17160993688129023
1004,1999-12-27,26,54,0.039345238106281544
1005,1999-12-28,25,53,-0.02261109082911228
1006,1999-12-29,24,52,-0.045275202340553156
1007,1999-12-30,23,51,0.143373087505426
1008,1999-12-31,22,50,-0.06402561755627667
1009,2000-01-03,19,47,-0.1284517797067578
1010,2000-01-04,18,46,0.26873207203297844
1011,2000-01-05,17,45,-0.08967848208555385
1012,2000-01-06,16,44,-0.016129799413847512
1013,2000-01-07,15,43,-0.37384934441320006
1014,2000-01-10,12,40,-0.1099620785494978
1015,2000-01-11,11,39,0.006397327828301158
1016,2000-01-12,10,38,0.014220878880780052
1017,2000-01-13,9,37,-0.12864364676827622
1018,2000-01-14,8,36,-0.22275084886669538
1019,2000-01-18,4,32,0.028445973710437666
1020,2000-01-19,3,31,-0.044116352405477954
1022,2000-01-21,29,57,-0.10438143755462181
1023,2000-01-24,26,54,0.21063247005533214
1024,2000-01-25,25,53,-0.17217932645138256
1025,2000-01-26,24,52,-0.04394774854104755
1026,2000-01-27,23,51,-0.06346392014841173
1027,2000-01-28,22,50,0.3041689487416821
1028,2000-01-31,19,47,-0.22640737753126883
1029,2000-02-01,18,46,-0.12940015506209923
1030,2000-02-02,17,45,-0.0430775406126066
1031,2000-02-03,16,44,-0.14375943659937462
1032,2000-02-04,15,43,-0.035500895266898036
1033,2000-02-07,12,40,-0.02767725997453685
1034,2000-02-08,11,39,-0.12650715951792002
1035,2000-02-09,10,38,0.10218899932560155
1036,2000-02-10,9,37,-0.020604984644222224
1037,2000-02-11,8,36,0.059821005922849224
1038,2000-02-14,5,33,-0.0665831776900635
1039,2000-02-15,4,32,-0.13069706999355024
1040,2000-02-16,3,31,-0.00046731270876942954
1042,2000-02-17,30,65,-0.12732250756126362
1043,2000-02-22,25,60,0.007297181435538924
1044,2000-02-23,24,59,-0.16626806841138286
1045,2000-02-24,23,58,-0.03344592249565981
1046,2000-02-25,22,57,0.0679755467419203
1047,2000-02-28,19,54,-0.12135374509584396
1048,2000-02-29,18,53,-0.1545472212139174
1049,2000-03-01,17,52,-0.15397728638945818
1050,2000-03-02,16,51,-0.06556964975511947
1051,2000-03-03,15,50,-0.14616540766763997
1052,2000-03-06,12,47,0.05609390576786666
1053,2000-03-07,11,46,0.1759721289784122
1054,2000-03-08,10,45,-0.07073772148509072
1055,2000-03-09,9,44,-0.1537093937620314
1056,2000-03-10,8,43,-0.07929845632602617
1057,2000-03-13,5,40,0.05624623521676675
1058,2000-03-14,4,39,0.05246252844507038
1059,2000-03-15,3,38,-0.1041426887289243
1061,2000-03-17,36,64,0.17602189396327428
1062,2000-03-20,33,61,-0.09195466402921804
1063,2000-03-21,32,60,-0.1236353866335057
1064,2000-03-22,31,59,-0.19868297423820291
1065,2000-03-23,30,58,0.02474344408010154
1066,2000-03-24,29,57,0.054814197424191136
1067,2000-03-27,26,54,0.002733133745068672
1068,2000-03-28,25,53,-0.08142767325825684
1069,2000-03-29,24,52,-0.11038593449451295
1070,2000-03-30,23,51,0.09483263306016698
1071,2000-03-31,22,50,-0.11240738918096915
1072,2000-04-03,19,47,-0.09514151960064487
1073,2000-04-04,18,46,0.06703979186711995
1074,2000-04-05,17,45,0.12202542543463846
1075,2000-04-06,16,44,-0.1410915309646822
1076,2000-04-07,15,43,-0.18402834088338538
1077,2000-04-10,12,40,0.010233849042940113
1078,2000-04-11,11,39,0.05054495199379683
1079,2000-04-12,10,38,0.18710516898468166
1080,2000-04-13,9,37,0.058249218654124135
1081,2000-04-14,8,36,0.2971989608955916
1082,2000-04-17,5,33,-0.33090402294957233
1083,2000-04-18,4,32,-0.19918411700435712
1084,2000-04-19,3,31,0.012031934738037098
1086,2000-04-24,26,54,0.005815537897026157
1087,2000-04-25,25,53,-0.2265779695119764
1088,2000-04-26,24,52,0.13065502957295538
1089,2000-04-27,23,51,-0.08508600918748643
1090,2000-04-28,22,50,-0.028359756973073358
1091,2000-05-01,19,47,-0.12169572019990382
1092,2000-05-02,18,46,0.23419425074636946
1093,2000-05-03,17,45,0.10280534648570527
1094,2000-05-04,16,44,-0.08600546987248336
1095,2000-05-05,15,43,-0.19277899516134767
1096,2000-05-08,12,40,-0.05483846078528942
1097,2000-05-09,11,39,0.018201038236169698
1098,2000-05-10,10,38,-0.0032161642391168588
1099,2000-05-11,9,37,-0.15467044620432258
1100,2000-05-12,8,36,-0.06970900797511703
1101,2000-05-15,5,33,-0.14132213066745059
1102,2000-05-16,4,32,-0.09355180742934133
1103,2000-05-17,3,31,-0.05142184488882928
1105,2000-05-19,29,64,0.03461114051112779
1106,2000-05-22,26,61,-0.055060667224569926
1107,2000-05-23,25,60,-0.055000428030723025
1108,2000-05-24,24,59,-0.13341574597905903
1109,2000-05-25,23,58,-0.003464117589915494
1110,2000-05-26,22,57,-0.049456836412883676
1111,2000-05-30,18,53,-0.18457563512267394
1112,2000-05-31,17,52,-0.03393951198416911
1113,2000-06-01,16,51,-0.1208469756624696
1114,2000-06-02,15,50,-0.09007374694751002
1115,2000-06-05,12,47,-0.02421985540492022
1116,2000-06-06,11,46,-0.0036671740104875505
1117,2000-06-07,10,45,-0.0614607101513972
1118,2000-06-08,9,44,-0.039879334125380805
1119,2000-06-09,8,43,-0.058465873003142876
1120,2000-06-12,5,40,-0.05036449511730834
1121,2000-06-13,4,39,-0.11920482084816575
1122,2000-06-14,3,38,-0.07340568701364514
1124,2000-06-16,36,64,-0.010058049305387895
1125,2000-06-20,32,60,-0.17246435203508803
1126,2000-06-19,33,61,0.02315601904017983
1127,2000-06-21,31,59,-0.07863621512559549
1128,2000-06-22,30,58,0.12761588510260435
1129,2000-06-23,29,57,-0.2002641502556991
1130,2000-06-26,26,54,0.04477929275430159
1131,2000-06-27,25,53,-0.03113532431690258
1132,2000-06-28,24,52,-0.16613664618354562
1133,2000-06-29,23,51,-0.06831889019278403
1134,2000-06-30,22,50,-0.08639294568828693
1135,2000-07-03,19,47,-0.05583571681250721
1136,2000-07-05,17,45,0.05485964301151247
1137,2000-07-06,16,44,-0.24194833883035305
1138,2000-07-07,15,43,-0.16620173834317908
1139,2000-07-10,12,40,-0.024426494787435082
1140,2000-07-11,11,39,-0.038777502457928104
1141,2000-07-12,10,38,-0.02262404928982409
1142,2000-07-13,9,37,-0.030382050718800957
1143,2000-07-14,8,36,-0.0360915670476023
1144,2000-07-17,5,33,-0.08617370381492462
1145,2000-07-18,4,32,-0.17945704541190854
1146,2000-07-19,3,31,-0.031444735216606734
1148,2000-07-21,29,57,-0.017646040901296844
1149,2000-07-24,26,54,-0.0404881423308977
1150,2000-07-25,25,53,-0.06972871566920669
1151,2000-07-26,24,52,0.010924935643391143
1152,2000-07-27,23,51,-0.10189169153244648
1153,2000-07-28,22,50,0.08277003806568461
1154,2000-07-31,19,47,-0.07825398452795473
1155,2000-08-01,18,46,-0.07466775014164173
1156,2000-08-02,17,45,-0.07084820342932685
1157,2000-08-03,16,44,-0.057257066410503876
1158,2000-08-04,15,43,-0.11018674626378744
1159,2000-08-07,12,40,-0.0389032576233046
1160,2000-08-08,11,39,-0.059983782464346214
1161,2000-08-09,10,38,0.011502700984998615
1162,2000-08-10,9,37,-0.048635464309431
1163,2000-08-11,8,36,-0.11224591224010716
1164,2000-08-14,5,33,-0.14639958209763715
1165,2000-08-15,4,32,-0.015278102055734766
1166,2000-08-16,3,31,-0.0365759997280396
1168,2000-08-18,29,64,-0.05496945499192818
1169,2000-08-21,26,61,-0.1002818009121893
1170,2000-08-22,25,60,-0.049221763214240544
1171,2000-08-23,24,59,-0.05314478623851293
1172,2000-08-24,23,58,-0.0918207203364334
1173,2000-08-25,22,57,-0.05721025966923332
1174,2000-08-28,19,54,-0.08144568128556517
1175,2000-08-29,18,53,-0.13398541138328957
1176,2000-08-30,17,52,0.23239310414981884
1177,2000-08-31,16,51,-0.10276056936962985
1178,2000-09-01,15,50,0.025003481288996987
1179,2000-09-05,11,46,0.023853786810097644
1180,2000-09-06,10,45,0.05475521803111549
1181,2000-09-07,9,44,-0.12400196580518918
1182,2000-09-08,8,43,-0.08177391578417981
1183,2000-09-11,5,40,-0.09075027195785967
1184,2000-09-12,4,39,-0.01811100750137762
1185,2000-09-13,3,38,-0.1322063152627646
1187,2000-09-15,36,64,-0.013755411934823436
1188,2000-09-18,33,61,0.10974087771904961
1189,2000-09-19,32,60,-0.17077011956355603
1190,2000-09-20,31,59,-0.11410922558995962
1191,2000-09-21,30,58,0.12493058228504705
1192,2000-09-22,29,57,0.0075447315012939775
1193,2000-09-25,26,54,-0.041007104868026945
1194,2000-09-26,25,53,0.025074150753373825
1195,2000-09-27,24,52,-0.07576870374049083
1196,2000-09-28,23,51,-0.19728602610072077
1197,2000-09-29,22,50,-0.29688671683434953
1198,2000-10-02,19,47,0.22934291563137021
1199,2000-10-03,18,46,0.14737582937268634
1200,2000-10-04,17,45,-0.051999569743477636
1201,2000-10-05,16,44,-0.07593456395028175
1202,2000-10-06,15,43,0.10671417593097998
1203,2000-10-09,12,40,0.0006091522613760336
1204,2000-10-10,11,39,0.06127115660969329
1205,2000-10-11,10,38,0.07014907923108282
1206,2000-10-12,9,37,0.26076623262687737
1207,2000-10-13,8,36,-0.13897030032049473
1208,2000-10-16,5,33,-0.16512359019099043
1209,2000-10-17,4,32,0.09343164836267337
1210,2000-10-18,3,31,0.022831566318898044
1212,2000-10-20,29,57,-0.10112327428778434
1213,2000-10-23,26,54,-0.0996899549867808
1214,2000-10-24,25,53,0.021638390336012447
1215,2000-10-25,24,52,0.08103999143911667
1216,2000-10-26,23,51,0.10368780651567433
1217,2000-10-27,22,50,-0.27371815169974245
1218,2000-10-30,19,47,-0.11494113946252016
1219,2000-10-31,18,46,-0.23728240552381286
1220,2000-11-01,17,45,0.0957539141383652
1221,2000-11-02,16,44,-0.06391400008808856
1222,2000-11-03,15,43,-0.07049177789675187
1223,2000-11-06,12,40,-0.10577806878014384
1224,2000-11-07,11,39,0.015265058871205106
1225,2000-11-08,10,38,0.17056387328261646
1226,2000-11-09,9,37,0.10052124434332899
1227,2000-11-10,8,36,0.1225350483564962
1228,2000-11-13,5,33,-0.029923742605443948
1229,2000-11-14,4,32,-0.2023927380881949
1230,2000-11-15,3,31,-0.10432895170109902
1232,2000-11-17,29,64,-0.027390451906930235
1233,2000-11-20,26,61,0.07344372719505832
1234,2000-11-21,25,60,-0.09145727074663856
1235,2000-11-22,24,59,0.009508968862457445
1236,2000-11-24,22,57,-0.11982078230527504
1237,2000-11-27,19,54,-0.054439102317311416
1238,2000-11-28,18,53,0.09802989297703224
1239,2000-11-29,17,52,-0.010344608731602478
1240,2000-11-30,16,51,0.009873134963050756
1241,2000-12-01,15,50,-0.1115673581662755
1242,2000-12-04,12,47,-0.1306785507439836
1243,2000-12-05,11,46,-0.21538063321232281
1244,2000-12-06,10,45,-0.02762055938266339
1245,2000-12-07,9,44,0.06065473878444072
1246,2000-12-08,8,43,-0.0003483519679020608
1247,2000-12-11,5,40,-0.23372679623808368
1248,2000-12-12,4,39,0.043858462330497616
1249,2000-12-13,3,38,-0.12242266841346316
1251,2000-12-15,36,64,0.12706570109066084
1252,2000-12-18,33,61,-0.33754635467308125
1253,2000-12-19,32,60,0.002339825963023401
1254,2000-12-20,31,59,0.3682477617287814
1255,2000-12-21,30,58,-0.09246881928361927
1256,2000-12-22,29,57,-0.24016409727791233
1257,2000-12-26,25,53,-0.047740868024754746
1258,2000-12-27,24,52,-0.07665107764904555
1259,2000-12-28,23,51,-0.10195661008928614
1260,2000-12-29,22,50,-0.05281193830066788
